antecedents,consequents,antecedent support,consequent support,support,confidence,lift,leverage,conviction,zhangs_metric
frozenset({'visage'}),frozenset({'art'}),0.031150338215279613,0.031150338215279613,0.031150338215279613,1.0,32.10238017606782,0.030179994644353305,inf,1.0
frozenset({'art'}),frozenset({'visage'}),0.031150338215279613,0.031150338215279613,0.031150338215279613,1.0,32.10238017606782,0.030179994644353305,inf,1.0
frozenset({'benovy'}),frozenset({'irisk'}),0.01785532917589226,0.308669686566861,0.011609010948830973,0.6501706484641638,2.1063637822541095,0.006097612088560181,1.9761929935210705,0.5347971782741222
frozenset({'benovy'}),frozenset({'runail'}),0.01785532917589226,0.35965589388368646,0.01158869771882427,0.649032992036405,1.804594344410504,0.005166923343481272,1.8245136767463195,0.4539645279318292
frozenset({'bluesky'}),frozenset({'irisk'}),0.05067135225172155,0.308669686566861,0.025482947043409372,0.5029063940669473,1.6292704335837416,0.009842236625951475,1.3907447313378751,0.4068436703539406
frozenset({'bluesky'}),frozenset({'runail'}),0.05067135225172155,0.35965589388368646,0.030642507465112028,0.6047304068951693,1.6814138658067996,0.012418256976723965,1.620018633577225,0.4268937095779023
frozenset({'de_lux'}),frozenset({'bpw_style'}),0.03795527026752524,0.11270795669219362,0.02105466290194804,0.5547230398715548,4.921773547776295,0.0167768019443953,1.9926744987026883,0.8282579636614567
frozenset({'freedecor'}),frozenset({'bpw_style'}),0.06280850718072681,0.11270795669219362,0.0467915253204412,0.7449870633893919,6.609888824654659,0.03971250681321451,3.479400124169609,0.9055902998835222
frozenset({'bpw_style'}),frozenset({'irisk'}),0.11270795669219362,0.308669686566861,0.06268662780068658,0.5561863566729747,1.80188201458681,0.02789709813491583,1.5577040585111763,0.5015538117350578
frozenset({'bpw_style'}),frozenset({'runail'}),0.11270795669219362,0.35965589388368646,0.07044628166324728,0.6250337929170047,1.7378661202175156,0.02991020075131256,1.707738174855259,0.4785140192453625
frozenset({'cosmoprofi'}),frozenset({'irisk'}),0.03754900566739117,0.308669686566861,0.01979524264153243,0.5271842034081687,1.7079234740272278,0.008205002831281508,1.4621557029532692,0.4306647044727669
frozenset({'cosmoprofi'}),frozenset({'runail'}),0.03754900566739117,0.35965589388368646,0.02468057445814459,0.6572896943467675,1.8275515722796316,0.011175853260395408,1.8684705290544676,0.4704861044612864
frozenset({'de_lux'}),frozenset({'irisk'}),0.03795527026752524,0.308669686566861,0.02394929817790327,0.630987423066631,2.0442157118980737,0.012233656800865756,1.873460029948978,0.5309678639358146
frozenset({'de_lux'}),frozenset({'runail'}),0.03795527026752524,0.35965589388368646,0.026640801153791464,0.701899919721702,1.9515874246973914,0.012989964498127768,2.1480843128874905,0.5068336234597566
frozenset({'domix'}),frozenset({'irisk'}),0.08930711572447135,0.308669686566861,0.04938146214629588,0.552939838507904,1.7913642400648615,0.021815062727432923,1.5463921256722437,0.48508805216583506
frozenset({'domix'}),frozenset({'runail'}),0.08930711572447135,0.35965589388368646,0.053210506002559464,0.5958148527237574,1.6566247428617014,0.02109067546650089,1.5842841094768554,0.43523233875126816
frozenset({'f_o_x'}),frozenset({'runail'}),0.025096995673282007,0.35965589388368646,0.01339657518942087,0.5337919870497775,1.484174167940668,0.004370292776751619,1.3735158734491415,0.33462265269321567
frozenset({'freedecor'}),frozenset({'irisk'}),0.06280850718072681,0.308669686566861,0.035202827601616936,0.5604786545924968,1.8157878113213797,0.015815745376409552,1.5729163569795923,0.4793842683912577
frozenset({'freedecor'}),frozenset({'runail'}),0.06280850718072681,0.35965589388368646,0.038432631172682766,0.611901681759379,1.7013531327176565,0.015843181379098525,1.6499533134263675,0.4398594616703877
frozenset({'grattol'}),frozenset({'runail'}),0.17418594730748135,0.35965589388368646,0.0908102947449674,0.5213411078717202,1.4495553019918619,0.028163292164118475,1.3377879668528174,0.3755485299966947
frozenset({'haruyama'}),frozenset({'runail'}),0.03897093176786041,0.35965589388368646,0.023238335127668652,0.5962991920771437,1.657971417173517,0.009222209827218664,1.5861848516257555,0.41294619118318404
frozenset({'ingarden'}),frozenset({'irisk'}),0.12422555810599444,0.308669686566861,0.0651445286314977,0.5244051999018886,1.6989203110111595,0.026799864547327017,1.4536120102459553,0.46974523801105716
frozenset({'ingarden'}),frozenset({'runail'}),0.12422555810599444,0.35965589388368646,0.07713949095045604,0.6209631264818903,1.7265478949240054,0.03246103680664478,1.6893979210329233,0.48049995536300977
frozenset({'jessnail'}),frozenset({'irisk'}),0.05721221231388003,0.308669686566861,0.030012797334904223,0.5245872536836499,1.6995101123090652,0.012353121692182167,1.4541686540585779,0.43657241967332044
frozenset({'lianail'}),frozenset({'irisk'}),0.03276524000081253,0.308669686566861,0.01726624550569786,0.5269683818970862,1.7072242751085291,0.007152609144359081,1.4614885918317866,0.428286796825585
frozenset({'lovely'}),frozenset({'irisk'}),0.04224136179893965,0.308669686566861,0.023624286497796014,0.5592690550613129,1.8118690606833188,0.010585658591159937,1.5685994400264187,0.4678461980810622
frozenset({'milv'}),frozenset({'irisk'}),0.06603831075179264,0.308669686566861,0.035030165146559954,0.5304521685635188,1.7185107305592753,0.014646140465399152,1.4723320333908514,0.4476637704159468
frozenset({'nagaraku'}),frozenset({'irisk'}),0.030388592090028234,0.308669686566861,0.018281907006033028,0.6016042780748663,1.9490228689643376,0.008901869810395821,1.7352854847247916,0.5021830226933615
frozenset({'pnb'}),frozenset({'irisk'}),0.025980621178573606,0.308669686566861,0.013782526559548234,0.5304925723221267,1.7186416269846976,0.0057630963635455675,1.4724587358550953,0.42929857387984743
frozenset({'pole'}),frozenset({'irisk'}),0.04389689004448597,0.308669686566861,0.023563346807775904,0.5367885238315595,1.7390386785366616,0.010013707516484458,1.4924723349940194,0.44448099484824594
frozenset({'rosi'}),frozenset({'irisk'}),0.021034349671941337,0.308669686566861,0.012157468159011964,0.5779816513761468,1.8724924297059213,0.005664802038636076,1.6381522644393944,0.475964041123243
frozenset({'roubloff'}),frozenset({'irisk'}),0.03061203762010197,0.308669686566861,0.018485039306100064,0.6038487060384871,1.9562941627171648,0.00903603124873023,1.745116888347974,0.504266042201376
frozenset({'irisk'}),frozenset({'runail'}),0.308669686566861,0.35965589388368646,0.17870564098397287,0.5789542956796421,1.6097450522161532,0.06769076894697115,1.5208422732870341,0.5479054063597042
frozenset({'severina'}),frozenset({'irisk'}),0.07286355603404497,0.308669686566861,0.042322614718966464,0.5808475048787288,1.8817769614474642,0.01983184371579089,1.6493527331457734,0.5054136276433234
frozenset({'staleks'}),frozenset({'irisk'}),0.03783339088748502,0.308669686566861,0.01925694204635479,0.508993288590604,1.6489902013113649,0.007578921139353255,1.4079854661227134,0.4090437710766137
frozenset({'uskusi'}),frozenset({'irisk'}),0.021146072436978205,0.308669686566861,0.01110118019866339,0.5249759846301633,1.7007694875034258,0.004574028647421189,1.4553586578036353,0.4209319005289666
frozenset({'yoko'}),frozenset({'irisk'}),0.04913770338621544,0.308669686566861,0.02546263381340267,0.5181893344357172,1.6787827149442878,0.010295314310564166,1.43485888304999,0.42522487132163256
frozenset({'zinger'}),frozenset({'irisk'}),0.06118344878019054,0.308669686566861,0.03257226431574885,0.5323705179282868,1.724725624500124,0.01368678835768784,1.4783719588644761,0.44758225893051434
frozenset({'jessnail'}),frozenset({'runail'}),0.05721221231388003,0.35965589388368646,0.032917589225862805,0.5753594887271436,1.5997499235010901,0.01234087986505103,1.5079675375222383,0.3976529007839813
frozenset({'lianail'}),frozenset({'runail'}),0.03276524000081253,0.35965589388368646,0.01957179711145869,0.5973341599504028,1.660849078546123,0.00778758543065294,1.590261806259605,0.41137720515202736
frozenset({'lovely'}),frozenset({'runail'}),0.04224136179893965,0.35965589388368646,0.023451624042739035,0.5551815340226016,1.5436464227725089,0.00825926930607719,1.4395627769393233,0.367716083803373
frozenset({'masura'}),frozenset({'runail'}),0.1299945154278982,0.35965589388368646,0.07669259989030856,0.5899679662473631,1.6403678523843686,0.029939306244111168,1.5616928761781057,0.4487105508263619
frozenset({'metzger'}),frozenset({'runail'}),0.03305978183590973,0.35965589388368646,0.018119401165979404,0.5480798771121352,1.5239007240887468,0.00622925577818563,1.4169409010255614,0.35554346367443584
frozenset({'milv'}),frozenset({'runail'}),0.06603831075179264,0.35965589388368646,0.037934957037518535,0.5744386342663795,1.5971895471068085,0.01418388935351389,1.5047045095656921,0.400337871852221
frozenset({'pnb'}),frozenset({'runail'}),0.025980621178573606,0.35965589388368646,0.01585447602023198,0.6102423768569195,1.6967395425313767,0.006510392486598652,1.6429290104769612,0.42158745597024444
frozenset({'pole'}),frozenset({'runail'}),0.04389689004448597,0.35965589388368646,0.027686932499136688,0.6307265155020824,1.7536943679451025,0.011899157271473188,1.7340646783425482,0.449507178730375
frozenset({'rosi'}),frozenset({'runail'}),0.021034349671941337,0.35965589388368646,0.014351296999735927,0.6822790922259777,1.8970329802147725,0.0067861691662118384,2.0154295497976977,0.48302107001403
frozenset({'roubloff'}),frozenset({'runail'}),0.03061203762010197,0.35965589388368646,0.02136951796705194,0.6980756469807564,1.9409542811677534,0.010359718213193127,2.120875973444581,0.5000985488195813
frozenset({'severina'}),frozenset({'runail'}),0.07286355603404497,0.35965589388368646,0.04797984927583335,0.6584889880122665,1.8308861309116302,0.021774041898864827,1.8750320886850749,0.48948177048925584
frozenset({'staleks'}),frozenset({'runail'}),0.03783339088748502,0.35965589388368646,0.02076012106685084,0.5487248322147651,1.5256939801248577,0.007153119048561498,1.4189659698294277,0.3581090446745961
frozenset({'swarovski'}),frozenset({'runail'}),0.015052103434967195,0.35965589388368646,0.010146458388348331,0.6740890688259109,1.874261148752126,0.004732880672615497,1.9647825367792475,0.4735848701365942
frozenset({'uno'}),frozenset({'runail'}),0.09370493002092263,0.35965589388368646,0.051453411606979624,0.5491003685237372,1.526738134594056,0.01775188123899641,1.4201477699589202,0.380680464347217
frozenset({'uskusi'}),frozenset({'runail'}),0.021146072436978205,0.35965589388368646,0.012898901054256638,0.6099903938520653,1.6960389200498898,0.005293591469806057,1.641867523317937,0.4192565176157163
frozenset({'yoko'}),frozenset({'runail'}),0.04913770338621544,0.35965589388368646,0.026894716528875255,0.5473336089293096,1.5218257735721092,0.009222051894114493,1.4146049248359474,0.3606143156980297
frozenset({'zinger'}),frozenset({'runail'}),0.06118344878019054,0.35965589388368646,0.034908285766519734,0.570551128818061,1.586380589115491,0.01290329780459356,1.4910834539020765,0.39372361204886214
"frozenset({'irisk', 'visage'})",frozenset({'art'}),0.013020780434296858,0.031150338215279613,0.013020780434296858,1.0,32.10238017606782,0.012615178719941616,inf,0.9816312669795012
"frozenset({'irisk', 'art'})",frozenset({'visage'}),0.013020780434296858,0.031150338215279613,0.013020780434296858,1.0,32.10238017606782,0.012615178719941616,inf,0.9816312669795012
"frozenset({'visage', 'runail'})",frozenset({'art'}),0.01255357614414268,0.031150338215279613,0.01255357614414268,1.0,32.10238017606782,0.01216252800144137,inf,0.981166814095575
"frozenset({'runail', 'art'})",frozenset({'visage'}),0.01255357614414268,0.031150338215279613,0.01255357614414268,1.0,32.10238017606782,0.01216252800144137,inf,0.981166814095575
"frozenset({'bluesky', 'grattol'})",frozenset({'runail'}),0.013934875784598509,0.35965589388368646,0.010481626683458936,0.7521865889212828,2.091406262800024,0.0054698664769910225,2.583976804681124,0.5292275433256888
"frozenset({'irisk', 'bluesky'})",frozenset({'runail'}),0.025482947043409372,0.35965589388368646,0.019642893416482156,0.7708250298923874,2.143229244956219,0.010477801318794113,2.7941275865144886,0.5473627713481836
"frozenset({'bluesky', 'runail'})",frozenset({'irisk'}),0.030642507465112028,0.308669686566861,0.019642893416482156,0.6410341398740471,2.0767641520094413,0.010184480241603329,1.9258943265261133,0.5348714762268274
"frozenset({'masura', 'bluesky'})",frozenset({'runail'}),0.01364033394950131,0.35965589388368646,0.010420686993438826,0.7639612807148175,2.124145033368713,0.005514860493958937,2.7128773959438766,0.5365409510779757
"frozenset({'de_lux', 'bpw_style'})",frozenset({'freedecor'}),0.02105466290194804,0.06280850718072681,0.01195433585894493,0.567776169802219,9.039797239066441,0.010631923912880144,2.168301299792805,0.9085063446302616
"frozenset({'de_lux', 'freedecor'})",frozenset({'bpw_style'}),0.013792683174551585,0.11270795669219362,0.01195433585894493,0.8667157584683358,7.6899252182820055,0.010399790721038422,6.657141407801113,0.8821266166579314
"frozenset({'irisk', 'de_lux'})",frozenset({'bpw_style'}),0.02394929817790327,0.11270795669219362,0.01442239330475939,0.6022052586938083,5.343058967331259,0.011723116842915837,2.2305273327503277,0.8327859330802714
"frozenset({'de_lux', 'bpw_style'})",frozenset({'irisk'}),0.02105466290194804,0.308669686566861,0.01442239330475939,0.6849975880366619,2.219192936162471,0.007923457106044172,2.194682602981466,0.5612016436430483
"frozenset({'de_lux', 'bpw_style'})",frozenset({'runail'}),0.02105466290194804,0.35965589388368646,0.015153669585000711,0.7197298601061264,2.001162423154641,0.007581235978580897,2.284738953492458,0.5110504315454066
"frozenset({'de_lux', 'runail'})",frozenset({'bpw_style'}),0.026640801153791464,0.11270795669219362,0.015153669585000711,0.5688143347312238,5.046798393166337,0.012151039322313841,2.057795782136495,0.8238013042132429
"frozenset({'domix', 'bpw_style'})",frozenset({'irisk'}),0.020110097706636333,0.308669686566861,0.015712283410185053,0.7813131313131313,2.5312272805379314,0.009504905854248666,3.1612794932970325,0.6173496882100976
"frozenset({'domix', 'bpw_style'})",frozenset({'runail'}),0.020110097706636333,0.35965589388368646,0.01635215015539621,0.813131313131313,2.2608591349660507,0.009119434988627646,3.426706297595406,0.5691356404877937
"frozenset({'freedecor', 'grattol'})",frozenset({'bpw_style'}),0.024406345853054096,0.11270795669219362,0.019084279591297812,0.7819392426133999,6.937746593604589,0.01633349021987709,4.069012939062325,0.8772719826977344
"frozenset({'freedecor', 'ingarden'})",frozenset({'bpw_style'}),0.0214203010420687,0.11270795669219362,0.016961547055597312,0.7918444760550025,7.025630659045097,0.014547308693414083,4.262639907371675,0.8764375803707121
"frozenset({'irisk', 'freedecor'})",frozenset({'bpw_style'}),0.035202827601616936,0.11270795669219362,0.02752442665908306,0.7818811309867282,6.937230998890807,0.02355678789031726,4.0679288652180645,0.8870779174567895
"frozenset({'freedecor', 'bpw_style'})",frozenset({'irisk'}),0.0467915253204412,0.308669686566861,0.02752442665908306,0.5882352941176471,1.9057112496540192,0.013081301204437134,1.6789450469090519,0.4985913842154052
"frozenset({'masura', 'freedecor'})",frozenset({'bpw_style'}),0.01762172703081517,0.11270795669219362,0.013680960409514716,0.7763688760806916,6.888323583054225,0.011694851562483942,3.9676590080903194,0.8701605279853771
"frozenset({'milv', 'freedecor'})",frozenset({'bpw_style'}),0.01974445956651567,0.11270795669219362,0.01660606553048,0.8410493827160493,7.46220060588058,0.014380707836746384,5.5821868355675575,0.8834342044401792
"frozenset({'milv', 'bpw_style'})",frozenset({'freedecor'}),0.02758536634910317,0.06280850718072681,0.01660606553048,0.6019882179675994,9.584501287945326,0.014873469850059374,2.354682788619006,0.9210730264701573
"frozenset({'freedecor', 'bpw_style'})",frozenset({'runail'}),0.0467915253204412,0.35965589388368646,0.029728412114810376,0.6353375298458868,1.766514995723541,0.012899564249505946,1.7559912481415816,0.4552138134826068
"frozenset({'freedecor', 'runail'})",frozenset({'bpw_style'}),0.038432631172682766,0.11270795669219362,0.029728412114810376,0.7735200845665963,6.8630477143604525,0.025396748785032595,3.9177515657838278,0.8884371153230919
"frozenset({'uno', 'freedecor'})",frozenset({'bpw_style'}),0.013284852424384002,0.11270795669219362,0.010674602368522619,0.8035168195718654,7.129193387528767,0.009177293796812962,4.515867675667745,0.8713068601674849
"frozenset({'bpw_style', 'ingarden'})",frozenset({'grattol'}),0.03613723618192529,0.17418594730748135,0.018139714395986106,0.5019673974142776,2.881790438169968,0.01184511567856326,1.65815259564333,0.6774756005319444
"frozenset({'bpw_style', 'grattol'})",frozenset({'irisk'}),0.04274919254910723,0.308669686566861,0.027605679579109876,0.6457590876692803,2.092071608494028,0.014410299713990557,1.9515823536150794,0.5453167396486275
"frozenset({'milv', 'grattol'})",frozenset({'bpw_style'}),0.019521014036441936,0.11270795669219362,0.01122305957870361,0.5749219562955254,5.1009881925695995,0.009022885974096609,2.08736267715741,0.8199661242827097
"frozenset({'bpw_style', 'grattol'})",frozenset({'runail'}),0.04274919254910723,0.35965589388368646,0.030256556094984663,0.7077690662865289,1.9679062079138985,0.014881557035929673,2.191226294832166,0.5138106930371292
"frozenset({'uno', 'bpw_style'})",frozenset({'grattol'}),0.023390684352718925,0.17418594730748135,0.013345792114404112,0.5705601389491968,3.275580767385424,0.009271463602255484,1.9230027940858148,0.7113495800911881
"frozenset({'bpw_style', 'ingarden'})",frozenset({'irisk'}),0.03613723618192529,0.308669686566861,0.02540169412338256,0.7029229904440697,2.277266025900504,0.014247224757715051,2.327108093845893,0.5819054043293115
"frozenset({'milv', 'ingarden'})",frozenset({'bpw_style'}),0.01905380974628776,0.11270795669219362,0.010786325133559488,0.5660980810234542,5.022698464576665,0.00863880916985359,2.0449138491958783,0.8164605188390018
"frozenset({'bpw_style', 'ingarden'})",frozenset({'runail'}),0.03613723618192529,0.35965589388368646,0.02763614942411993,0.7647554806070825,2.126353254909834,0.014639179442623692,2.7220362360356543,0.5495712425195441
"frozenset({'masura', 'bpw_style'})",frozenset({'irisk'}),0.03090657945519917,0.308669686566861,0.02099372321192793,0.6792638843246797,2.2006174039300883,0.011453799018637816,2.1554489178043466,0.5629819178365302
"frozenset({'milv', 'bpw_style'})",frozenset({'irisk'}),0.02758536634910317,0.308669686566861,0.0178045461008755,0.6454344624447718,2.091019917192173,0.00928977971606579,1.949795567273526,0.5365658441516796
"frozenset({'milv', 'irisk'})",frozenset({'bpw_style'}),0.035030165146559954,0.11270795669219362,0.0178045461008755,0.50826326471441,4.5095597474318625,0.01385636776461663,1.8044046328824437,0.806500716595276
"frozenset({'irisk', 'bpw_style'})",frozenset({'runail'}),0.06268662780068658,0.35965589388368646,0.04776656036076297,0.7619896305897603,2.1186629874504144,0.025220945204553084,2.690404236181,0.5633166352034468
"frozenset({'bpw_style', 'runail'})",frozenset({'irisk'}),0.07044628166324728,0.308669686566861,0.04776656036076297,0.6780565167243368,2.196705884098738,0.026021928679967624,2.14736545184606,0.5860585694378417
"frozenset({'bpw_style', 'severina'})",frozenset({'irisk'}),0.016443559690426376,0.308669686566861,0.012380913689085702,0.752933909820877,2.4392868577257714,0.007305285273398323,2.7981594436206296,0.5999087513987361
"frozenset({'uno', 'bpw_style'})",frozenset({'irisk'}),0.023390684352718925,0.308669686566861,0.01598651201527555,0.6834563612679114,2.214199809736962,0.008766516807537419,2.183996861229793,0.5615035272689817
"frozenset({'masura', 'bpw_style'})",frozenset({'runail'}),0.03090657945519917,0.35965589388368646,0.023441467427735684,0.7584620440354913,2.1088547607140833,0.012325733966888847,2.651111720968629,0.5425782118813092
"frozenset({'milv', 'bpw_style'})",frozenset({'runail'}),0.02758536634910317,0.35965589388368646,0.018728798066180503,0.678939617083947,1.8877477851190663,0.008807558473784838,1.9944662754723712,0.4836087413339836
"frozenset({'bpw_style', 'severina'})",frozenset({'runail'}),0.016443559690426376,0.35965589388368646,0.01356923764447785,0.8252007411982706,2.294417400720096,0.007655214485387796,3.6633113349905013,0.5735913961892302
"frozenset({'uno', 'bpw_style'})",frozenset({'runail'}),0.023390684352718925,0.35965589388368646,0.017154522740660993,0.7333912288319583,2.039146977163507,0.00874192525123271,2.401811850791319,0.5218042188703919
"frozenset({'bpw_style', 'zinger'})",frozenset({'runail'}),0.012868431209246581,0.35965589388368646,0.010115988543338277,0.7861089187056038,2.1857251113472183,0.005487781413895969,2.9937859130973044,0.5495578738491124
"frozenset({'cosmoprofi', 'grattol'})",frozenset({'runail'}),0.014889597594913567,0.35965589388368646,0.010826951593572894,0.7271487039563438,2.021790039652472,0.005471820061005867,2.346861148916289,0.5130275729593451
"frozenset({'cosmoprofi', 'runail'})",frozenset({'irisk'}),0.02468057445814459,0.308669686566861,0.01575290987019846,0.6382716049382716,2.067814342371503,0.008134764687912896,1.9111861907195993,0.5294650923461316
"frozenset({'cosmoprofi', 'irisk'})",frozenset({'runail'}),0.01979524264153243,0.35965589388368646,0.01575290987019846,0.7957927142124167,2.212650279741496,0.008633434183313648,3.1357554342228533,0.5591212370200902
"frozenset({'de_lux', 'grattol'})",frozenset({'irisk'}),0.014828657904893457,0.308669686566861,0.010593349448495805,0.7143835616438355,2.3143949429873567,0.006016192260785136,2.420485030245522,0.5764699026026907
"frozenset({'de_lux', 'grattol'})",frozenset({'runail'}),0.014828657904893457,0.35965589388368646,0.011558227873814214,0.7794520547945205,2.1672161308903704,0.006225013659934365,2.903423586738564,0.5466851616638698
"frozenset({'de_lux', 'ingarden'})",frozenset({'irisk'}),0.01586463263523533,0.308669686566861,0.011578541103820918,0.7298335467349552,2.3644484006590836,0.006681609920804435,2.558905093797543,0.5863709363194975
"frozenset({'de_lux', 'ingarden'})",frozenset({'runail'}),0.01586463263523533,0.35965589388368646,0.012523106299132626,0.7893725992317542,2.1947995644054124,0.006817297667570759,3.040174753050705,0.5531531001273863
"frozenset({'irisk', 'de_lux'})",frozenset({'runail'}),0.02394929817790327,0.35965589388368646,0.01941944788640842,0.8108566581849025,2.2545346036985436,0.010805941642347675,3.3854964175387163,0.5701030459902733
"frozenset({'de_lux', 'runail'})",frozenset({'irisk'}),0.026640801153791464,0.308669686566861,0.01941944788640842,0.7289363324437667,2.3615416873333674,0.011196240144377537,2.5504351788117066,0.5923278994820464
frozenset({'de_lux'}),"frozenset({'irisk', 'runail'})",0.03795527026752524,0.17870564098397287,0.01941944788640842,0.5116403532245116,2.863034151621424,0.012636626984530393,1.6817408326810372,0.6763928728542079
"frozenset({'domix', 'grattol'})",frozenset({'irisk'}),0.024599321538117776,0.308669686566861,0.017540474110788358,0.713047068538398,2.3100650940789573,0.009947409241860111,2.4092115383238313,0.5814141594219289
"frozenset({'domix', 'grattol'})",frozenset({'runail'}),0.024599321538117776,0.35965589388368646,0.01875926791119056,0.7625928984310488,2.120340334746949,0.00991197693446659,2.697240739154282,0.5417031282462362
"frozenset({'domix', 'ingarden'})",frozenset({'irisk'}),0.021928131792236284,0.308669686566861,0.016341993540392858,0.7452524316813339,2.414401102908123,0.009573443973086465,2.713785721276631,0.5989525218323954
"frozenset({'domix', 'ingarden'})",frozenset({'runail'}),0.021928131792236284,0.35965589388368646,0.01769282333583863,0.8068550254747568,2.243408322221728,0.009806241494902607,3.31535473646312,0.5666758118660488
"frozenset({'masura', 'domix'})",frozenset({'irisk'}),0.019165532511324624,0.308669686566861,0.013620020719494606,0.7106518282988872,2.3023052124198555,0.00770420180633705,2.389267951370574,0.5767055927160684
"frozenset({'milv', 'domix'})",frozenset({'irisk'}),0.014148164699668894,0.308669686566861,0.01013630177334498,0.7164393395549176,2.3210550654436535,0.0057691922100018556,2.438033231930033,0.5773296038324007
"frozenset({'irisk', 'domix'})",frozenset({'runail'}),0.04938146214629588,0.35965589388368646,0.036553657397062705,0.7402303578774168,2.058162734062712,0.018793323487553235,2.465045957195184,0.5408370971128318
"frozenset({'domix', 'runail'})",frozenset({'irisk'}),0.053210506002559464,0.308669686566861,0.036553657397062705,0.6869631609085703,2.2255608205302893,0.0201291871871886,2.2084631171196434,0.5816235345568198
"frozenset({'domix', 'severina'})",frozenset({'irisk'}),0.015173982815007415,0.308669686566861,0.011111336813666741,0.7322623828647925,2.372317123230619,0.0064275882941874675,2.5821187206727743,0.5873841529003356
"frozenset({'uno', 'domix'})",frozenset({'irisk'}),0.01603729509029231,0.308669686566861,0.011537914643807512,0.7194426852438252,2.33078503187577,0.0065876877949067264,2.464132200701865,0.5802658997887448
"frozenset({'masura', 'domix'})",frozenset({'runail'}),0.019165532511324624,0.35965589388368646,0.014889597594913567,0.776894541600424,2.160105130521435,0.007996600867796255,2.8701409221887983,0.5475537278321388
"frozenset({'milv', 'domix'})",frozenset({'runail'}),0.014148164699668894,0.35965589388368646,0.01062381929350586,0.750897343862168,2.087821600123728,0.0055353484716328255,2.570603284783933,0.5285093104017837
"frozenset({'domix', 'severina'})",frozenset({'runail'}),0.015173982815007415,0.35965589388368646,0.012208251234028723,0.8045515394912985,2.237003628116525,0.006750838880921535,3.276281145677303,0.5614935498300792
"frozenset({'uno', 'domix'})",frozenset({'runail'}),0.01603729509029231,0.35965589388368646,0.011862926323914766,0.7397086763774541,2.056712232322481,0.00609501862273923,2.4601054587777593,0.5221611618475638
"frozenset({'irisk', 'estel'})",frozenset({'runail'}),0.019896808791565947,0.35965589388368646,0.01152775802880416,0.5793772332822869,1.6109210029230294,0.004371753477440718,1.522371485293517,0.38693588525465994
"frozenset({'estel', 'runail'})",frozenset({'irisk'}),0.02101403644193463,0.308669686566861,0.01152775802880416,0.5485741904301595,1.777220810153422,0.005041361986767602,1.5314372789006045,0.44671091620623354
"frozenset({'freedecor', 'ingarden'})",frozenset({'grattol'}),0.0214203010420687,0.17418594730748135,0.011243372808710314,0.5248933143669986,3.013407926877315,0.007512257380086148,1.7381655061162893,0.6827750549246768
"frozenset({'freedecor', 'grattol'})",frozenset({'irisk'}),0.024406345853054096,0.308669686566861,0.016159174470332528,0.6620890553474823,2.144975953782449,0.008625675345627913,2.0458950039160504,0.547148195560624
"frozenset({'freedecor', 'grattol'})",frozenset({'runail'}),0.024406345853054096,0.35965589388368646,0.0175100042657783,0.7174365376612567,1.9947859881125076,0.008732118131563726,2.266195709863772,0.5111688537394167
"frozenset({'freedecor', 'ingarden'})",frozenset({'irisk'}),0.0214203010420687,0.308669686566861,0.015194296045014117,0.7093409198672357,2.298058250412566,0.008582498436190966,2.3784920571459875,0.5772141209794185
"frozenset({'freedecor', 'ingarden'})",frozenset({'runail'}),0.0214203010420687,0.35965589388368646,0.01647402953543643,0.7690848743480322,2.1383908547784176,0.008770092016893551,2.773071293222392,0.5440115343624843
"frozenset({'masura', 'freedecor'})",frozenset({'irisk'}),0.01762172703081517,0.308669686566861,0.01207621523898515,0.6853025936599423,2.2201810656632093,0.00663692227961665,2.1968096956162926,0.5594446670026039
"frozenset({'milv', 'freedecor'})",frozenset({'irisk'}),0.01974445956651567,0.308669686566861,0.0126754555241829,0.6419753086419754,2.07981326505451,0.0065809393783544485,1.9309570823477336,0.5296451610846414
"frozenset({'irisk', 'freedecor'})",frozenset({'runail'}),0.035202827601616936,0.35965589388368646,0.026610331308781408,0.7559145989613386,2.1017717541028347,0.013949426880488558,2.6234428744670706,0.5433379765527864
"frozenset({'freedecor', 'runail'})",frozenset({'irisk'}),0.038432631172682766,0.308669686566861,0.026610331308781408,0.6923890063424947,2.243138981490222,0.014747343090769647,2.2474174450438125,0.5763466661893356
"frozenset({'masura', 'freedecor'})",frozenset({'runail'}),0.01762172703081517,0.35965589388368646,0.013345792114404112,0.7573487031700288,2.1057591882950124,0.007008034127361962,2.6389478007406266,0.5345312543496342
"frozenset({'milv', 'freedecor'})",frozenset({'runail'}),0.01974445956651567,0.35965589388368646,0.013112189969327023,0.6640946502057614,1.8464723128394809,0.006010978714681525,1.9063230356663305,0.46766045925646593
"frozenset({'irisk', 'haruyama'})",frozenset({'grattol'}),0.01899287005626765,0.17418594730748135,0.010014422393304759,0.5272727272727272,3.0270681155579116,0.006706131330465882,1.7469143422341737,0.6826121043093808
"frozenset({'haruyama', 'grattol'})",frozenset({'irisk'}),0.017469377805764894,0.308669686566861,0.010014422393304759,0.5732558139534883,1.857182091087248,0.004622155021481231,1.6200110886989088,0.46975618509449646
"frozenset({'runail', 'haruyama'})",frozenset({'grattol'}),0.023238335127668652,0.17418594730748135,0.01201527554896504,0.5170454545454545,2.9683534322820035,0.007967484130903356,1.7099208620456854,0.6788891466233673
"frozenset({'haruyama', 'grattol'})",frozenset({'runail'}),0.017469377805764894,0.35965589388368646,0.01201527554896504,0.6877906976744186,1.9123576434336196,0.005732310858640835,2.051009054972177,0.4855678277832009
"frozenset({'ingarden', 'grattol'})",frozenset({'irisk'}),0.04535944260496862,0.308669686566861,0.02879400353450202,0.6347962382445141,2.05655516518306,0.014792918602778838,1.8929988839928873,0.538160641987918
"frozenset({'ingarden', 'grattol'})",frozenset({'runail'}),0.04535944260496862,0.35965589388368646,0.03252148124073209,0.716972682489924,1.9934962687467999,0.01620769036457633,2.262481628097672,0.5220485959467944
"frozenset({'uno', 'ingarden'})",frozenset({'grattol'}),0.024934489833228383,0.17418594730748135,0.013802839789554938,0.5535641547861507,3.1780069709582994,0.00945960205732529,1.8497933388322385,0.7028629079893621
"frozenset({'jessnail', 'grattol'})",frozenset({'irisk'}),0.014808344674886753,0.308669686566861,0.010633975908509213,0.7181069958847737,2.3264577868718717,0.006063088799137873,2.452456440354055,0.5787320473813252
"frozenset({'masura', 'grattol'})",frozenset({'irisk'}),0.03733571675232079,0.308669686566861,0.0226390948424709,0.6063656147986942,1.96444821499292,0.011114690854782942,1.7562752122876426,0.5099921248295504
"frozenset({'milv', 'grattol'})",frozenset({'irisk'}),0.019521014036441936,0.308669686566861,0.013548924414471145,0.6940686784599376,2.248580630575122,0.007523379130375318,2.259756568738934,0.5663303520610623
"frozenset({'irisk', 'grattol'})",frozenset({'runail'}),0.07657072051026834,0.35965589388368646,0.055008226858152716,0.7183976654728744,1.9974583419595116,0.027469115927714234,2.2739303890771967,0.5407710022310671
"frozenset({'runail', 'grattol'})",frozenset({'irisk'}),0.0908102947449674,0.308669686566861,0.055008226858152716,0.6057487976736383,1.962449906924783,0.026977841642179368,1.753527470186013,0.5394175167935968
"frozenset({'severina', 'grattol'})",frozenset({'irisk'}),0.020496049076763695,0.308669686566861,0.01423957423469906,0.6947472745292369,2.250779084452621,0.00791306519031541,2.264780150175446,0.5673375742776658
"frozenset({'uno', 'grattol'})",frozenset({'irisk'}),0.036421621402019135,0.308669686566861,0.021471084117085457,0.5895147796988288,1.909856410765927,0.010228833654667334,1.6841783315021988,0.494407552299915
"frozenset({'zinger', 'grattol'})",frozenset({'irisk'}),0.01737796827073473,0.308669686566861,0.012279347539052184,0.7066043249561659,2.289192478909354,0.00691529551975564,2.356307104151594,0.5731244753279945
"frozenset({'jessnail', 'grattol'})",frozenset({'runail'}),0.014808344674886753,0.35965589388368646,0.011446505108777347,0.7729766803840878,2.1492117702763696,0.006120596667793223,2.820609385853732,0.5427503727622829
"frozenset({'masura', 'grattol'})",frozenset({'runail'}),0.03733571675232079,0.35965589388368646,0.026722054073818276,0.7157236126224156,1.9900233105977745,0.013294043491474217,2.252540606778534,0.5167879728585761
"frozenset({'milv', 'grattol'})",frozenset({'runail'}),0.019521014036441936,0.35965589388368646,0.014615368989823073,0.7486992715920916,2.081710002044962,0.007594521237030557,2.5481187825166765,0.5299712694002382
"frozenset({'pole', 'grattol'})",frozenset({'runail'}),0.013264539194377298,0.35965589388368646,0.010065205468321518,0.7588055130168453,2.1098097540485314,0.005294535767412557,2.6548869923425564,0.5330948729607309
"frozenset({'severina', 'grattol'})",frozenset({'runail'}),0.020496049076763695,0.35965589388368646,0.016027138475288957,0.781962338949455,2.174195813964176,0.008655613623501604,2.9368509230516393,0.5513605391217588
"frozenset({'uno', 'grattol'})",frozenset({'runail'}),0.036421621402019135,0.35965589388368646,0.02419305693798371,0.664249860568879,1.846903865236528,0.011093806135947312,1.9072042894793195,0.47588583537789286
"frozenset({'zinger', 'grattol'})",frozenset({'runail'}),0.01737796827073473,0.35965589388368646,0.012898901054256638,0.7422559906487435,2.0637948752448105,0.006648812341963198,2.4844189695351764,0.5245717114750714
"frozenset({'irisk', 'haruyama'})",frozenset({'runail'}),0.01899287005626765,0.35965589388368646,0.014341140384732576,0.7550802139037432,2.0994518003031475,0.007510242727228933,2.6145054114356028,0.5338240335311655
"frozenset({'runail', 'haruyama'})",frozenset({'irisk'}),0.023238335127668652,0.308669686566861,0.014341140384732576,0.6171328671328671,1.9993309806247845,0.007168170764539418,1.805666389423541,0.5117243102025715
"frozenset({'masura', 'ingarden'})",frozenset({'irisk'}),0.031658168965447195,0.308669686566861,0.020851530601881003,0.6586461341033044,2.1338218904130546,0.011079613510035691,2.0252599501608026,0.5487290823959792
"frozenset({'milv', 'ingarden'})",frozenset({'irisk'}),0.01905380974628776,0.308669686566861,0.013894249324585103,0.7292110874200426,2.362431813536986,0.008012915842293859,2.553022968505056,0.587909271048169
"frozenset({'irisk', 'ingarden'})",frozenset({'runail'}),0.0651445286314977,0.35965589388368646,0.05044790672164781,0.7743997505456813,2.1531685250127555,0.0270182930450551,2.838401587166576,0.5728887359016162
"frozenset({'runail', 'ingarden'})",frozenset({'irisk'}),0.07713949095045604,0.308669686566861,0.05044790672164781,0.653982883475971,2.1187143148062635,0.026637284228043335,1.9979656508845853,0.5721510934894404
"frozenset({'severina', 'ingarden'})",frozenset({'irisk'}),0.01743890796075484,0.308669686566861,0.0129699973592801,0.7437390797903319,2.409498282978398,0.007587135104965566,2.6977594276470445,0.5953582378938695
"frozenset({'uno', 'ingarden'})",frozenset({'irisk'}),0.024934489833228383,0.308669686566861,0.016697475065510167,0.6696537678207739,2.1694834218057237,0.00900095390398298,2.092744660269243,0.5528457038535876
"frozenset({'ingarden', 'zinger'})",frozenset({'irisk'}),0.01460521237481972,0.308669686566861,0.010776168518556136,0.7378303198887344,2.390355619611234,0.006267982192578094,2.636957535057968,0.5902732726483906
"frozenset({'jessnail', 'ingarden'})",frozenset({'runail'}),0.012391070304089053,0.35965589388368646,0.010278494383391902,0.8295081967213114,2.3063940027897227,0.005821972916999151,3.7558644685668368,0.5735293794850936
"frozenset({'masura', 'ingarden'})",frozenset({'runail'}),0.031658168965447195,0.35965589388368646,0.024121960632960248,0.7619505935194097,2.1185544473958386,0.012735913574971556,2.689963044157075,0.5452413767976333
"frozenset({'milv', 'ingarden'})",frozenset({'runail'}),0.01905380974628776,0.35965589388368646,0.014513802839789555,0.7617270788912579,2.117932979398364,0.0076609878635987335,2.687439693678308,0.5380942736085388
"frozenset({'severina', 'ingarden'})",frozenset({'runail'}),0.01743890796075484,0.35965589388368646,0.01430051392471917,0.8200349446709376,2.2800542368871586,0.008028507893738553,3.558158026542751,0.5713781529242561
"frozenset({'uno', 'ingarden'})",frozenset({'runail'}),0.024934489833228383,0.35965589388368646,0.018434256231083305,0.7393075356415478,2.0555968863967555,0.00946642000157986,2.456319969555546,0.5266551731094034
"frozenset({'ingarden', 'zinger'})",frozenset({'runail'}),0.01460521237481972,0.35965589388368646,0.011598854333827622,0.7941585535465925,2.208106601482319,0.006346003621800757,3.1108608939029017,0.5552326041067597
"frozenset({'irisk', 'italwax'})",frozenset({'runail'}),0.021887505332222876,0.35965589388368646,0.011202746348696906,0.5118329466357309,1.4231184733518056,0.0033307760535523333,1.3117315101527145,0.30397098030601105
"frozenset({'runail', 'italwax'})",frozenset({'irisk'}),0.019957748481586057,0.308669686566861,0.011202746348696906,0.561323155216285,1.8185237476978375,0.0050423943803054915,1.5759443919908562,0.4592693973479481
"frozenset({'irisk', 'jessnail'})",frozenset({'runail'}),0.030012797334904223,0.35965589388368646,0.0229336366775681,0.7641285956006768,2.124610241609992,0.012139357224133198,2.714801769833151,0.5457035248926325
"frozenset({'runail', 'jessnail'})",frozenset({'irisk'}),0.032917589225862805,0.308669686566861,0.0229336366775681,0.6966985498302992,2.257100648849712,0.012772974728684347,2.2793505044118034,0.5759113537802742
"frozenset({'irisk', 'kapous'})",frozenset({'runail'}),0.01888114729123078,0.35965589388368646,0.011832456478904711,0.6266810112963959,1.7424461046064934,0.00504174057232756,1.7152733332424015,0.4342941287256859
"frozenset({'runail', 'kapous'})",frozenset({'irisk'}),0.019835869101545837,0.308669686566861,0.011832456478904711,0.5965181771633384,1.9325453814335816,0.005709724980549275,1.7134112971255335,0.49231318709053085
"frozenset({'lianail', 'runail'})",frozenset({'irisk'}),0.01957179711145869,0.308669686566861,0.013203599504357188,0.674623767514271,2.1855847751610704,0.007162379024413038,2.1247105486214664,0.5532853375918299
"frozenset({'lianail', 'irisk'})",frozenset({'runail'}),0.01726624550569786,0.35965589388368646,0.013203599504357188,0.7647058823529411,2.126215350165369,0.00699369254299024,2.721462450994332,0.5389870366513124
"frozenset({'irisk', 'lovely'})",frozenset({'runail'}),0.023624286497796014,0.35965589388368646,0.016524812610453188,0.6994840928632846,1.9448703740400801,0.008028198732724057,2.1308160097661593,0.4975819332212512
"frozenset({'lovely', 'runail'})",frozenset({'irisk'}),0.023451624042739035,0.308669686566861,0.016524812610453188,0.7046340407102641,2.2828093310602213,0.009286007167697067,2.340588993720114,0.5754382269176138
"frozenset({'masura', 'milv'})",frozenset({'irisk'}),0.017022486745617422,0.308669686566861,0.011476974953787402,0.6742243436754176,2.1842907581058295,0.006222649305429127,2.122105504237987,0.5515746638325747
"frozenset({'masura', 'runail'})",frozenset({'irisk'}),0.07669259989030856,0.308669686566861,0.04617197180523675,0.6020394649715269,1.9504327479242736,0.02249929103509753,1.7371830937549526,0.5277692651779209
"frozenset({'masura', 'irisk'})",frozenset({'runail'}),0.06187409860041845,0.35965589388368646,0.04617197180523675,0.7462245567957978,2.0748292172771357,0.0239185875648559,2.5232705656278025,0.5521994650120798
"frozenset({'masura', 'severina'})",frozenset({'irisk'}),0.01883036421621402,0.308669686566861,0.013203599504357188,0.7011866235167206,2.271640702122644,0.007391236883798571,2.3135855615614433,0.5705328812630788
"frozenset({'masura', 'uno'})",frozenset({'irisk'}),0.019338194966381603,0.308669686566861,0.012259034309045482,0.6339285714285715,2.053744177082501,0.006289919730003624,1.8885120757197948,0.5232022247201961
"frozenset({'irisk', 'metzger'})",frozenset({'runail'}),0.01635215015539621,0.35965589388368646,0.012380913689085702,0.7571428571428572,2.1051868467021952,0.006499766508026416,2.6367110251848214,0.5337100891807899
"frozenset({'metzger', 'runail'})",frozenset({'irisk'}),0.018119401165979404,0.308669686566861,0.012380913689085702,0.6832959641255605,2.2136801696513584,0.0067880038104036235,2.1828907595835747,0.5583810905940778
"frozenset({'milv', 'runail'})",frozenset({'irisk'}),0.037934957037518535,0.308669686566861,0.026061874098600418,0.6870147255689425,2.225727875030994,0.014352502799902234,2.208826963791937,0.5724236428671469
"frozenset({'milv', 'irisk'})",frozenset({'runail'}),0.035030165146559954,0.35965589388368646,0.026061874098600418,0.743983763409684,2.068598835892538,0.013463068739921239,2.501185528873347,0.5353338228686658
"frozenset({'irisk', 'nagaraku'})",frozenset({'runail'}),0.018281907006033028,0.35965589388368646,0.010938674358609762,0.5983333333333334,1.6636272156486216,0.004363478752456524,1.5942176915758846,0.40633232836377825
"frozenset({'nagaraku', 'runail'})",frozenset({'irisk'}),0.014991163744947083,0.308669686566861,0.010938674358609762,0.7296747967479675,2.3639340968777396,0.006311356544184456,2.5574023624744697,0.5857575500470494
"frozenset({'irisk', 'pnb'})",frozenset({'runail'}),0.013782526559548234,0.35965589388368646,0.01068475898352597,0.7752394988946204,2.155503391097866,0.005727792073776,2.849006399999466,0.543562917495299
"frozenset({'runail', 'pnb'})",frozenset({'irisk'}),0.01585447602023198,0.308669686566861,0.01068475898352597,0.6739269698910954,2.1833273535433997,0.005790962839679151,2.120170175381394,0.5507147725480597
"frozenset({'irisk', 'pole'})",frozenset({'runail'}),0.023563346807775904,0.35965589388368646,0.018749111296187206,0.7956896551724137,2.212363730732414,0.010274414737145254,3.134173683944825,0.5612189564896632
"frozenset({'runail', 'pole'})",frozenset({'irisk'}),0.027686932499136688,0.308669686566861,0.018749111296187206,0.6771826852531181,2.1938749243082327,0.010202994519680847,2.1415527663849283,0.5596813608267825
"frozenset({'roubloff', 'runail'})",frozenset({'irisk'}),0.02136951796705194,0.308669686566861,0.014767718214873347,0.6910646387832701,2.238848415824527,0.00817159580189852,2.237783045328192,0.5654246538562138
"frozenset({'roubloff', 'irisk'})",frozenset({'runail'}),0.018485039306100064,0.35965589388368646,0.014767718214873347,0.7989010989010988,2.221292942746728,0.00811946487976285,3.184224789977296,0.5601664408585844
"frozenset({'irisk', 'severina'})",frozenset({'runail'}),0.042322614718966464,0.35965589388368646,0.03270430031079242,0.7727381809455243,2.148548637980696,0.017482722482547668,2.817649303259427,0.5581937501395672
"frozenset({'runail', 'severina'})",frozenset({'irisk'}),0.04797984927583335,0.308669686566861,0.03270430031079242,0.6816257408975445,2.2082691322197503,0.017894375273295706,2.17143909618228,0.5747322110261269
"frozenset({'irisk', 'staleks'})",frozenset({'runail'}),0.01925694204635479,0.35965589388368646,0.01442239330475939,0.748945147679325,2.0823936446361575,0.0074965205996113116,2.550614338648174,0.5299893726602276
"frozenset({'runail', 'staleks'})",frozenset({'irisk'}),0.02076012106685084,0.308669686566861,0.01442239330475939,0.6947162426614482,2.2506785502273985,0.008014373241964454,2.2645499369508593,0.5674703019285668
"frozenset({'irisk', 'uno'})",frozenset({'runail'}),0.04472973247476081,0.35965589388368646,0.03264336062077231,0.7297910990009084,2.0291370485281814,0.016556048704384055,2.3698112969212155,0.5309279292467518
"frozenset({'uno', 'runail'})",frozenset({'irisk'}),0.051453411606979624,0.308669686566861,0.03264336062077231,0.6344255823134624,2.055354347781214,0.016761252187250223,1.8910795722744507,0.5413185767275025
"frozenset({'irisk', 'yoko'})",frozenset({'runail'}),0.02546263381340267,0.35965589388368646,0.01805846147595929,0.7092142002393298,1.9719243095976937,0.008900675151166973,2.2021161509377194,0.50575910283416
"frozenset({'yoko', 'runail'})",frozenset({'irisk'}),0.026894716528875255,0.308669686566861,0.01805846147595929,0.6714501510574018,2.175303180968368,0.00975687775468679,2.104186976978106,0.5552266278791134
"frozenset({'irisk', 'zinger'})",frozenset({'runail'}),0.03257226431574885,0.35965589388368646,0.02395945479290662,0.7355784222014343,2.0452283271613005,0.012244647954610265,2.4216787126356336,0.5282637837587844
"frozenset({'runail', 'zinger'})",frozenset({'irisk'}),0.034908285766519734,0.308669686566861,0.02395945479290662,0.6863543788187373,2.2235885436390785,0.01318432516676856,2.20417651880306,0.5701805351351819
"frozenset({'masura', 'jessnail'})",frozenset({'runail'}),0.013295009039387353,0.35965589388368646,0.010481626683458936,0.7883880825057296,2.192062179191469,0.005699998323206386,3.026030450925106,0.5511359179669748
"frozenset({'masura', 'milv'})",frozenset({'runail'}),0.017022486745617422,0.35965589388368646,0.012837961364236527,0.7541766109785202,2.0969393906899874,0.006715723677618288,2.604894955948886,0.5321734099525254
"frozenset({'masura', 'severina'})",frozenset({'runail'}),0.01883036421621402,0.35965589388368646,0.014991163744947083,0.7961165048543688,2.213550558723319,0.008218712270609246,3.1407353776181073,0.5587587394755152
"frozenset({'masura', 'uno'})",frozenset({'runail'}),0.019338194966381603,0.35965589388368646,0.01436145361473928,0.7426470588235294,2.064882215064445,0.007406357818008299,2.4881942409091042,0.5258804543171554
"frozenset({'masura', 'zinger'})",frozenset({'runail'}),0.013355948729407463,0.35965589388368646,0.010105831928334924,0.7566539923954372,2.103827589824347,0.005302286249395196,2.631414061071725,0.5317782824129603
"frozenset({'irisk', 'de_lux', 'bpw_style'})",frozenset({'runail'}),0.01442239330475939,0.35965589388368646,0.011842613093908062,0.8211267605633803,2.2830899605080144,0.006655514337942729,3.5798764987604934,0.570221062803039
"frozenset({'irisk', 'de_lux', 'runail'})",frozenset({'bpw_style'}),0.01941944788640842,0.11270795669219362,0.011842613093908062,0.6098326359832635,5.4107327812598145,0.00965388680254043,2.274131885796951,0.8313260426805675
"frozenset({'de_lux', 'bpw_style', 'runail'})",frozenset({'irisk'}),0.015153669585000711,0.308669686566861,0.011842613093908062,0.7815013404825737,2.531837023501472,0.007165134652768118,3.1640025387798874,0.6143393650845203
"frozenset({'de_lux', 'bpw_style'})","frozenset({'irisk', 'runail'})",0.02105466290194804,0.17870564098397287,0.011842613093908062,0.562469850458273,3.147465560467215,0.008080026064313963,1.8771148911138082,0.6969582749143101
"frozenset({'irisk', 'domix', 'bpw_style'})",frozenset({'runail'}),0.015712283410185053,0.35965589388368646,0.013487984724451035,0.8584356819650938,2.386825008469662,0.007836969389607113,4.5233439824746,0.5903084767380032
"frozenset({'domix', 'bpw_style', 'runail'})",frozenset({'irisk'}),0.01635215015539621,0.308669686566861,0.013487984724451035,0.8248447204968945,2.672256967216717,0.008440571661290641,3.9469567539977106,0.6361875253782353
"frozenset({'domix', 'bpw_style'})","frozenset({'irisk', 'runail'})",0.020110097706636333,0.17870564098397287,0.013487984724451035,0.6707070707070707,3.75313877622488,0.009894196823536266,2.4941147712449903,0.7486109886591287
"frozenset({'irisk', 'freedecor', 'grattol'})",frozenset({'bpw_style'}),0.016159174470332528,0.11270795669219362,0.013061406894310264,0.808296668761785,7.171602542394145,0.011240139357926424,4.628464396402359,0.8746955088939588
"frozenset({'freedecor', 'bpw_style', 'grattol'})",frozenset({'irisk'}),0.019084279591297812,0.308669686566861,0.013061406894310264,0.6844065992549229,2.217278304413846,0.0071706682945100264,2.1905727806760007,0.5596776694964921
"frozenset({'freedecor', 'grattol'})","frozenset({'irisk', 'bpw_style'})",0.024406345853054096,0.06268662780068658,0.013061406894310264,0.535164377861007,8.537137769837821,0.011531455375845032,2.0164404954296775,0.904951276537475
"frozenset({'freedecor', 'bpw_style', 'grattol'})",frozenset({'runail'}),0.019084279591297812,0.35965589388368646,0.014107538239655487,0.7392229909526344,2.0553618153459228,0.0072437646041210784,2.455523623250109,0.5234574654957619
"frozenset({'freedecor', 'runail', 'grattol'})",frozenset({'bpw_style'}),0.0175100042657783,0.11270795669219362,0.014107538239655487,0.8056844547563805,7.148425704821458,0.01213402143718802,4.566243231828831,0.8754379815843772
"frozenset({'freedecor', 'grattol'})","frozenset({'bpw_style', 'runail'})",0.024406345853054096,0.07044628166324728,0.014107538239655487,0.5780274656679151,8.205223214349997,0.012388201925320612,2.2028773029223045,0.9000944270926495
"frozenset({'irisk', 'freedecor', 'ingarden'})",frozenset({'bpw_style'}),0.015194296045014117,0.11270795669219362,0.012391070304089053,0.8155080213903744,7.235585182486571,0.010678552243479234,4.809380060827821,0.8750905627724366
"frozenset({'freedecor', 'bpw_style', 'ingarden'})",frozenset({'irisk'}),0.016961547055597312,0.308669686566861,0.012391070304089053,0.7305389221556886,2.3667336118457696,0.007155554890748767,2.565603607629649,0.5874406426213248
"frozenset({'freedecor', 'ingarden'})","frozenset({'irisk', 'bpw_style'})",0.0214203010420687,0.06268662780068658,0.012391070304089053,0.5784732100521575,9.228016091269495,0.011048303865286234,2.2236151878159194,0.9111514849788738
"frozenset({'freedecor', 'bpw_style', 'ingarden'})",frozenset({'runail'}),0.016961547055597312,0.35965589388368646,0.01333563549940076,0.7862275449101797,2.1860549438526578,0.007235315131469699,2.9954472190875174,0.5519163104601443
"frozenset({'freedecor', 'runail', 'ingarden'})",frozenset({'bpw_style'}),0.01647402953543643,0.11270795669219362,0.01333563549940076,0.809494451294698,7.182229853615696,0.011478881291974873,4.657565353544539,0.8751853032067124
"frozenset({'freedecor', 'ingarden'})","frozenset({'bpw_style', 'runail'})",0.0214203010420687,0.07044628166324728,0.01333563549940076,0.6225699383594121,8.837513118654988,0.01182665493887964,2.4628502411711204,0.9062583214770668
"frozenset({'milv', 'freedecor', 'bpw_style'})",frozenset({'irisk'}),0.01660606553048,0.308669686566861,0.010969144203619817,0.6605504587155964,2.139991348235339,0.005843355161217801,2.036621734167896,0.5417039626718628
"frozenset({'milv', 'freedecor', 'irisk'})",frozenset({'bpw_style'}),0.0126754555241829,0.11270795669219362,0.010969144203619817,0.8653846153846153,7.678114667165762,0.009540519511346384,6.5913123217151295,0.8809258306758564
"frozenset({'milv', 'bpw_style', 'irisk'})",frozenset({'freedecor'}),0.0178045461008755,0.06280850718072681,0.010969144203619817,0.6160867084997148,9.808969137364961,0.009850867241993397,2.441154066734303,0.9143317496701499
"frozenset({'milv', 'freedecor'})","frozenset({'irisk', 'bpw_style'})",0.01974445956651567,0.06268662780068658,0.010969144203619817,0.5555555555555556,8.86242528983942,0.009731430615647943,2.1089550874484555,0.9050334666473258
"frozenset({'irisk', 'freedecor', 'bpw_style'})",frozenset({'runail'}),0.02752442665908306,0.35965589388368646,0.021389831197058645,0.7771217712177122,2.1607369278064303,0.011490508923350157,2.8730670986344533,0.5523994094025148
"frozenset({'irisk', 'freedecor', 'runail'})",frozenset({'bpw_style'}),0.026610331308781408,0.11270795669219362,0.021389831197058645,0.8038167938931299,7.131854906112443,0.018390635128343588,4.522772672113724,0.8832886264802624
"frozenset({'freedecor', 'bpw_style', 'runail'})",frozenset({'irisk'}),0.029728412114810376,0.308669686566861,0.021389831197058645,0.719508028698326,2.3309967256615374,0.012213571547449653,2.4647062453334936,0.5884939593351872
"frozenset({'irisk', 'freedecor'})","frozenset({'bpw_style', 'runail'})",0.035202827601616936,0.07044628166324728,0.021389831197058645,0.6076168493941142,8.625250830110394,0.018909922888492404,2.3689949909964594,0.9163183392381642
"frozenset({'freedecor', 'runail'})","frozenset({'irisk', 'bpw_style'})",0.038432631172682766,0.06268662780068658,0.021389831197058645,0.556553911205074,8.878351424081202,0.018980619151335615,2.113703099166986,0.9228333923251922
"frozenset({'masura', 'freedecor', 'bpw_style'})",frozenset({'runail'}),0.013680960409514716,0.35965589388368646,0.010755855288549433,0.7861915367483296,2.1859548254826757,0.005835417243278092,2.994942746314842,0.5500593447823776
"frozenset({'masura', 'freedecor', 'runail'})",frozenset({'bpw_style'}),0.013345792114404112,0.11270795669219362,0.010755855288549433,0.8059360730593608,7.150658185210286,0.009251678328896154,4.572163705515521,0.8717874273967048
"frozenset({'masura', 'freedecor'})","frozenset({'bpw_style', 'runail'})",0.01762172703081517,0.07044628166324728,0.010755855288549433,0.6103746397694525,8.664398252944169,0.009514470142743769,2.385762871766666,0.9004527077543567
"frozenset({'milv', 'freedecor', 'bpw_style'})",frozenset({'runail'}),0.01660606553048,0.35965589388368646,0.01128399926872372,0.6795107033639144,1.8893356536614125,0.005311529926467861,1.998020254771322,0.4786621179908186
"frozenset({'milv', 'freedecor', 'runail'})",frozenset({'bpw_style'}),0.013112189969327023,0.11270795669219362,0.01128399926872372,0.860573199070488,7.635425433367767,0.009806151129520994,6.363855710613213,0.8805778320893005
"frozenset({'milv', 'bpw_style', 'runail'})",frozenset({'freedecor'}),0.018728798066180503,0.06280850718072681,0.01128399926872372,0.6024945770065075,9.592563237856844,0.01010767142089764,2.3576822820719503,0.9128491440238483
"frozenset({'milv', 'freedecor'})","frozenset({'bpw_style', 'runail'})",0.01974445956651567,0.07044628166324728,0.01128399926872372,0.5715020576131687,8.112593654624764,0.00989307550881236,2.1693306463945348,0.8943941889889095
"frozenset({'irisk', 'bpw_style', 'ingarden'})",frozenset({'grattol'}),0.02540169412338256,0.17418594730748135,0.013792683174551585,0.5429828068772491,3.1172595451615273,0.009368065020455313,1.8069649569413728,0.6969080544990675
"frozenset({'bpw_style', 'ingarden', 'grattol'})",frozenset({'irisk'}),0.018139714395986106,0.308669686566861,0.013792683174551585,0.7603583426651735,2.4633398605550214,0.008193503217530177,2.8848503266158554,0.6050220102629653
"frozenset({'bpw_style', 'runail', 'ingarden'})",frozenset({'grattol'}),0.02763614942411993,0.17418594730748135,0.014686465294846534,0.5314222712238148,3.0508906110877176,0.009872636427475098,1.7623843430402693,0.6913326303643839
"frozenset({'bpw_style', 'ingarden', 'grattol'})",frozenset({'runail'}),0.018139714395986106,0.35965589388368646,0.014686465294846534,0.8096304591265397,2.2511252363582175,0.008162410098963374,3.363689922128635,0.5660456192315386
"frozenset({'masura', 'bpw_style', 'grattol'})",frozenset({'irisk'}),0.013437201649434277,0.308669686566861,0.010237867923378496,0.7619047619047619,2.468349809075682,0.00609021110191191,2.903587316419183,0.6029733103412775
"frozenset({'irisk', 'bpw_style', 'grattol'})",frozenset({'runail'}),0.027605679579109876,0.35965589388368646,0.02233439639237035,0.8090507726269315,2.249513455460236,0.01240585102707896,3.3534783823201146,0.5712285803610334
"frozenset({'bpw_style', 'runail', 'grattol'})",frozenset({'irisk'}),0.030256556094984663,0.308669686566861,0.02233439639237035,0.7381671701913394,2.391446916610144,0.012995114705938787,2.6403500047657964,0.5999969536811071
"frozenset({'bpw_style', 'grattol'})","frozenset({'irisk', 'runail'})",0.04274919254910723,0.17870564098397287,0.02233439639237035,0.5224518888096935,2.923533280387883,0.014694874536334866,1.7198149040290835,0.6873309832939847
"frozenset({'masura', 'bpw_style', 'grattol'})",frozenset({'runail'}),0.013437201649434277,0.35965589388368646,0.01104024050864328,0.8216175359032503,2.2844545296648557,0.006207471738120649,3.5897256457283184,0.5699168292083368
"frozenset({'uno', 'bpw_style', 'runail'})",frozenset({'grattol'}),0.017154522740660993,0.17418594730748135,0.010451156838448881,0.6092362344582593,3.497619893428064,0.007463080044259115,2.113333234844945,0.7265549917845591
"frozenset({'uno', 'bpw_style', 'grattol'})",frozenset({'runail'}),0.013345792114404112,0.35965589388368646,0.010451156838448881,0.7831050228310502,2.177372972745744,0.005651264045957016,2.952323352409951,0.5480450530113811
"frozenset({'masura', 'bpw_style', 'ingarden'})",frozenset({'irisk'}),0.01284811797923988,0.308669686566861,0.010085518698328222,0.7849802371541502,2.5431076367912646,0.0061196941487021966,3.215194288576915,0.6146777610466375
"frozenset({'irisk', 'bpw_style', 'ingarden'})",frozenset({'runail'}),0.02540169412338256,0.35965589388368646,0.021450770887078755,0.8444622151139544,2.347972685766844,0.012314901880973615,4.11696814754987,0.5890638880309709
"frozenset({'bpw_style', 'runail', 'ingarden'})",frozenset({'irisk'}),0.02763614942411993,0.308669686566861,0.021450770887078755,0.7761852260198456,2.5146143589701544,0.01292032930642072,3.088850218147079,0.619443747762573
"frozenset({'bpw_style', 'ingarden'})","frozenset({'irisk', 'runail'})",0.03613723618192529,0.17870564098397287,0.021450770887078755,0.5935919055649241,3.3216181777841034,0.014992842931798579,2.0208612236369463,0.7251467154420922
"frozenset({'masura', 'bpw_style', 'ingarden'})",frozenset({'runail'}),0.01284811797923988,0.35965589388368646,0.010908204513599707,0.8490118577075099,2.360622673354777,0.006287303157053125,4.241022482916946,0.5838847760166035
"frozenset({'masura', 'bpw_style', 'runail'})",frozenset({'irisk'}),0.023441467427735684,0.308669686566861,0.017581100570801762,0.75,2.4297818433088745,0.010345430167215307,2.765321253732556,0.6025654359507713
"frozenset({'masura', 'bpw_style', 'irisk'})",frozenset({'runail'}),0.02099372321192793,0.35965589388368646,0.017581100570801762,0.8374455732946299,2.3284633660569503,0.010030584283069126,3.9392597242333927,0.5827666587668902
"frozenset({'masura', 'bpw_style'})","frozenset({'irisk', 'runail'})",0.03090657945519917,0.17870564098397287,0.017581100570801762,0.5688465330266185,3.183148164179301,0.012057920478638308,1.9048770842117153,0.707718766810061
"frozenset({'milv', 'bpw_style', 'runail'})",frozenset({'irisk'}),0.018728798066180503,0.308669686566861,0.014280200694712466,0.762472885032538,2.470190362756527,0.008499188465850498,2.910532187147736,0.6065325255984123
"frozenset({'milv', 'bpw_style', 'irisk'})",frozenset({'runail'}),0.0178045461008755,0.35965589388368646,0.014280200694712466,0.8020536223616658,2.230058330758377,0.007876690751608784,3.2349372277288126,0.5615799115713397
"frozenset({'milv', 'runail', 'irisk'})",frozenset({'bpw_style'}),0.026061874098600418,0.11270795669219362,0.014280200694712466,0.5479345284489477,4.8615425612351535,0.011342820117490007,1.9627511923515786,0.8155589660226455
"frozenset({'milv', 'bpw_style'})","frozenset({'irisk', 'runail'})",0.02758536634910317,0.17870564098397287,0.014280200694712466,0.5176730486008837,2.8967918737792444,0.009350540119518268,1.702775174875977,0.6733655613638989
"frozenset({'irisk', 'bpw_style', 'severina'})",frozenset({'runail'}),0.012380913689085702,0.35965589388368646,0.010948830973613113,0.8843314191960623,2.4588264344753297,0.006495962393668225,5.536024576991388,0.6007396213155806
"frozenset({'bpw_style', 'runail', 'severina'})",frozenset({'irisk'}),0.01356923764447785,0.308669686566861,0.010948830973613113,0.8068862275449101,2.614076673739487,0.006760418642940884,3.579912010646021,0.6259494064787553
"frozenset({'bpw_style', 'severina'})","frozenset({'irisk', 'runail'})",0.016443559690426376,0.17870564098397287,0.010948830973613113,0.6658431130327361,3.725921069791255,0.00801027409907725,2.457810660345559,0.7438413884407454
"frozenset({'irisk', 'uno', 'bpw_style'})",frozenset({'runail'}),0.01598651201527555,0.35965589388368646,0.013183286274350484,0.8246505717916137,2.2928876901939708,0.007433643005414262,3.651817474735788,0.5730294815416005
"frozenset({'uno', 'bpw_style', 'runail'})",frozenset({'irisk'}),0.017154522740660993,0.308669686566861,0.013183286274350484,0.76850207223209,2.489723175539703,0.007888205116786565,2.9863347810449405,0.6087924651339954
"frozenset({'uno', 'bpw_style'})","frozenset({'irisk', 'runail'})",0.023390684352718925,0.17870564098397287,0.013183286274350484,0.5636126791141989,3.153860594499903,0.009003239034044064,1.8820307550387168,0.6992850366227038
"frozenset({'irisk', 'de_lux', 'runail'})",frozenset({'ingarden'}),0.01941944788640842,0.12422555810599444,0.010126145158341628,0.5214435146443515,4.197554211826797,0.007713753406542268,1.8300335878703153,0.7768520692689383
"frozenset({'irisk', 'de_lux', 'ingarden'})",frozenset({'runail'}),0.011578541103820918,0.35965589388368646,0.010126145158341628,0.8745614035087719,2.4316615364340644,0.0059618546077779095,5.104841125682497,0.5956553769077635
"frozenset({'de_lux', 'runail', 'ingarden'})",frozenset({'irisk'}),0.012523106299132626,0.308669686566861,0.010126145158341628,0.8085969180859691,2.619618813494401,0.006260641862144877,3.6119079511146617,0.6261058619417006
"frozenset({'de_lux', 'ingarden'})","frozenset({'irisk', 'runail'})",0.01586463263523533,0.17870564098397287,0.010126145158341628,0.6382842509603073,3.5717073476015875,0.007291045814286643,2.270551838554043,0.7316288777163722
"frozenset({'irisk', 'domix', 'grattol'})",frozenset({'runail'}),0.017540474110788358,0.35965589388368646,0.014645838834833128,0.834973943254198,2.3215911582537014,0.00833730393937388,3.8802606009223637,0.5794243142589216
"frozenset({'domix', 'runail', 'grattol'})",frozenset({'irisk'}),0.01875926791119056,0.308669686566861,0.014645838834833128,0.7807255008121278,2.5293235286420477,0.008855421488462165,3.15280762694076,0.6161967712690143
"frozenset({'domix', 'grattol'})","frozenset({'irisk', 'runail'})",0.024599321538117776,0.17870564098397287,0.014645838834833128,0.5953757225433526,3.331600050592407,0.010249801311592942,2.029770344425324,0.7174937836822519
"frozenset({'irisk', 'domix', 'ingarden'})",frozenset({'runail'}),0.016341993540392858,0.35965589388368646,0.014259887464705762,0.872591671845867,2.4261848246759583,0.00838239317009434,5.025920325566576,0.5975961595456892
"frozenset({'domix', 'runail', 'ingarden'})",frozenset({'irisk'}),0.01769282333583863,0.308669686566861,0.014259887464705762,0.8059701492537313,2.61110884654088,0.008798649231149609,3.5630100769246393,0.6281344156928342
"frozenset({'domix', 'ingarden'})","frozenset({'irisk', 'runail'})",0.021928131792236284,0.17870564098397287,0.014259887464705762,0.6503010653080129,3.638950968348754,0.010341206617193142,2.3485755246564266,0.7414542340216541
"frozenset({'masura', 'domix', 'runail'})",frozenset({'irisk'}),0.014889597594913567,0.308669686566861,0.011456661723780698,0.7694406548431105,2.4927639101886405,0.006860694301052041,2.998491832819473,0.6078901038266519
"frozenset({'masura', 'domix', 'irisk'})",frozenset({'runail'}),0.013620020719494606,0.35965589388368646,0.011456661723780698,0.8411633109619687,2.3388002956904215,0.006558140997196535,4.031462189211158,0.5803345284991847
"frozenset({'masura', 'domix'})","frozenset({'irisk', 'runail'})",0.019165532511324624,0.17870564098397287,0.011456661723780698,0.5977742448330684,3.3450216878530403,0.00803167295154526,2.041874117869886,0.7147467787453041
"frozenset({'irisk', 'freedecor', 'grattol'})",frozenset({'runail'}),0.016159174470332528,0.35965589388368646,0.013234069349367243,0.8189817724701445,2.27712595955679,0.007422327010817352,3.5374565028856053,0.5700616667071127
"frozenset({'freedecor', 'runail', 'grattol'})",frozenset({'irisk'}),0.0175100042657783,0.308669686566861,0.013234069349367243,0.755800464037123,2.4485736595757643,0.007829261820865055,2.831005844082498,0.602142489437968
"frozenset({'freedecor', 'grattol'})","frozenset({'irisk', 'runail'})",0.024406345853054096,0.17870564098397287,0.013234069349367243,0.5422388680815646,3.034257145414873,0.008872517669620682,1.7941548588322844,0.6872021349689614
"frozenset({'irisk', 'freedecor', 'ingarden'})",frozenset({'runail'}),0.015194296045014117,0.35965589388368646,0.01290905766925999,0.8495989304812834,2.3622549913113495,0.007444339543257075,4.257576812222245,0.5855730450650154
"frozenset({'freedecor', 'runail', 'ingarden'})",frozenset({'irisk'}),0.01647402953543643,0.308669686566861,0.01290905766925999,0.7836004932182491,2.538637667772774,0.007824024136063616,3.1946944968334803,0.616239891537239
"frozenset({'freedecor', 'ingarden'})","frozenset({'irisk', 'runail'})",0.0214203010420687,0.17870564098397287,0.01290905766925999,0.6026552868658133,3.3723349948413888,0.009081129041467441,2.066956805685921,0.7188679213081405
"frozenset({'masura', 'freedecor', 'runail'})",frozenset({'irisk'}),0.013345792114404112,0.308669686566861,0.010146458388348331,0.7602739726027398,2.4630665260939275,0.006027016919408729,2.883835021749666,0.6020366904003568
"frozenset({'masura', 'freedecor', 'irisk'})",frozenset({'runail'}),0.01207621523898515,0.35965589388368646,0.010146458388348331,0.840201850294365,2.3361270163588315,0.005803176401839331,4.007206011433141,0.5789323954720946
"frozenset({'masura', 'freedecor'})","frozenset({'irisk', 'runail'})",0.01762172703081517,0.17870564098397287,0.010146458388348331,0.575792507204611,3.222016406612764,0.006997356364061905,1.9360675446913138,0.7020059046671124
"frozenset({'milv', 'freedecor', 'runail'})",frozenset({'irisk'}),0.013112189969327023,0.308669686566861,0.010115988543338277,0.7714949651432997,2.4994192780125366,0.006068652975300966,3.0254489309904486,0.6078776703859703
"frozenset({'milv', 'freedecor', 'irisk'})",frozenset({'runail'}),0.0126754555241829,0.35965589388368646,0.010115988543338277,0.7980769230769231,2.219001375061639,0.0055571862564053635,3.171227954099839,0.5563994482197899
"frozenset({'milv', 'freedecor'})","frozenset({'irisk', 'runail'})",0.01974445956651567,0.17870564098397287,0.010115988543338277,0.5123456790123457,2.8669810096162283,0.006587542240621958,1.684173242539195,0.6643176306777142
"frozenset({'masura', 'ingarden', 'irisk'})",frozenset({'grattol'}),0.020851530601881003,0.17418594730748135,0.010847264823579597,0.5202143205065758,2.986545864048772,0.007215221212880018,1.7212144671855238,0.6793301006385555
"frozenset({'masura', 'ingarden', 'grattol'})",frozenset({'irisk'}),0.0144833329947795,0.308669686566861,0.010847264823579597,0.7489481065918654,2.426374014636632,0.006376698967637533,2.753734712166638,0.5965017178008074
"frozenset({'irisk', 'ingarden', 'grattol'})",frozenset({'runail'}),0.02879400353450202,0.35965589388368646,0.02382741879786305,0.8275132275132275,2.300847119666131,0.013471485718171698,3.7124244188951923,0.5821395980319451
"frozenset({'runail', 'ingarden', 'grattol'})",frozenset({'irisk'}),0.03252148124073209,0.308669686566861,0.02382741879786305,0.7326670830730793,2.373628234188057,0.013789023376596226,2.5860276444076056,0.598156985105726
"frozenset({'ingarden', 'grattol'})","frozenset({'irisk', 'runail'})",0.04535944260496862,0.17870564098397287,0.02382741879786305,0.5253022839229736,2.9394835050007466,0.015721430532466406,1.7301417959271592,0.691154566346072
"frozenset({'irisk', 'uno', 'ingarden'})",frozenset({'grattol'}),0.016697475065510167,0.17418594730748135,0.010268337768388551,0.614963503649635,3.530500095763019,0.007359872256459614,2.1447682505947876,0.7289252192049376
"frozenset({'uno', 'ingarden', 'grattol'})",frozenset({'irisk'}),0.013802839789554938,0.308669686566861,0.010268337768388551,0.7439293598233995,2.4101147349377205,0.006007819536814031,2.699764068838033,0.5932708160471174
"frozenset({'masura', 'ingarden', 'grattol'})",frozenset({'runail'}),0.0144833329947795,0.35965589388368646,0.012055902008978448,0.832398316970547,2.314429795608317,0.006846885934325937,3.8206305243592604,0.5762745098447795
"frozenset({'uno', 'runail', 'ingarden'})",frozenset({'grattol'}),0.018434256231083305,0.17418594730748135,0.011172276503686851,0.6060606060606061,3.4793886385723125,0.007961288119166764,2.096297210681009,0.7259760148174207
"frozenset({'uno', 'ingarden', 'grattol'})",frozenset({'runail'}),0.013802839789554938,0.35965589388368646,0.011172276503686851,0.8094186902133922,2.2505364265632193,0.006208003821041155,3.359952278811081,0.5634385430427614
"frozenset({'masura', 'runail', 'grattol'})",frozenset({'irisk'}),0.026722054073818276,0.308669686566861,0.018698328221170447,0.6997339414671228,2.2669344348316924,0.010450040165782248,2.302392474231125,0.574219978066009
"frozenset({'masura', 'irisk', 'grattol'})",frozenset({'runail'}),0.0226390948424709,0.35965589388368646,0.018698328221170447,0.825930910722297,2.296447589954983,0.01055604432888402,3.6786778673537697,0.5776216507439599
"frozenset({'masura', 'grattol'})","frozenset({'irisk', 'runail'})",0.03733571675232079,0.17870564098397287,0.018698328221170447,0.500816104461371,2.8024638825267214,0.012026225027350908,1.6452741491787006,0.6681157164321533
"frozenset({'milv', 'runail', 'grattol'})",frozenset({'irisk'}),0.014615368989823073,0.308669686566861,0.011446505108777347,0.78318276580959,2.537284352475424,0.00693518374362964,3.1885394904816895,0.6148643045641322
"frozenset({'milv', 'irisk', 'grattol'})",frozenset({'runail'}),0.013548924414471145,0.35965589388368646,0.011446505108777347,0.8448275862068966,2.3489885765089555,0.006573554587328225,4.126662017194021,0.582172673855177
"frozenset({'milv', 'grattol'})","frozenset({'irisk', 'runail'})",0.019521014036441936,0.17870564098397287,0.011446505108777347,0.5863683662851197,3.2811967381472185,0.00795798978273786,1.9855695069544705,0.7090750114581342
"frozenset({'irisk', 'severina', 'grattol'})",frozenset({'runail'}),0.01423957423469906,0.35965589388368646,0.012228564464035425,0.8587731811697574,2.3877634032253248,0.007107217664131625,4.534153721086218,0.589593599010004
"frozenset({'runail', 'severina', 'grattol'})",frozenset({'irisk'}),0.016027138475288957,0.308669686566861,0.012228564464035425,0.7629911280101392,2.4718693192597248,0.007281472654304304,2.9168963491911564,0.605146638235883
"frozenset({'severina', 'grattol'})","frozenset({'irisk', 'runail'})",0.020496049076763695,0.17870564098397287,0.012228564464035425,0.5966303270564915,3.3386205593252654,0.008565804876133403,2.036083558346858,0.7151324873124425
"frozenset({'irisk', 'uno', 'runail'})",frozenset({'grattol'}),0.03264336062077231,0.17418594730748135,0.017083426435637532,0.5233354075917859,3.0044639977068255,0.011397411742608575,1.7324845726852183,0.6896752472690332
"frozenset({'irisk', 'uno', 'grattol'})",frozenset({'runail'}),0.021471084117085457,0.35965589388368646,0.017083426435637532,0.7956480605487228,2.2122480795658452,0.009361224484855338,3.1335357415043683,0.5599948258139209
"frozenset({'uno', 'runail', 'grattol'})",frozenset({'irisk'}),0.02419305693798371,0.308669686566861,0.017083426435637532,0.7061293031066331,2.287653546289128,0.009615763133495879,2.352498295139625,0.576826057591446
"frozenset({'irisk', 'zinger', 'grattol'})",frozenset({'runail'}),0.012279347539052184,0.35965589388368646,0.010115988543338277,0.8238213399503722,2.290582064579756,0.005699648827872017,3.634629222040484,0.5704343043388683
"frozenset({'runail', 'zinger', 'grattol'})",frozenset({'irisk'}),0.012898901054256638,0.308669686566861,0.010115988543338277,0.784251968503937,2.5407482582001455,0.006134488797863927,3.204341233795936,0.6143394626371478
"frozenset({'zinger', 'grattol'})","frozenset({'irisk', 'runail'})",0.01737796827073473,0.17870564098397287,0.010115988543338277,0.5821157218001168,3.257399814549355,0.007010447584517484,1.9653631444425486,0.7052627079373962
"frozenset({'masura', 'runail', 'ingarden'})",frozenset({'irisk'}),0.024121960632960248,0.308669686566861,0.01775376302585874,0.736,2.3844259155671086,0.01030804499790474,2.618675429670981,0.594963525647436
"frozenset({'masura', 'ingarden', 'irisk'})",frozenset({'runail'}),0.020851530601881003,0.35965589388368646,0.01775376302585874,0.8514369215781783,2.367365406928476,0.010254387148396186,4.31025065526817,0.5898896033217986
"frozenset({'masura', 'ingarden'})","frozenset({'irisk', 'runail'})",0.031658168965447195,0.17870564098397287,0.01775376302585874,0.5607956368302855,3.138097005458156,0.012096269648509583,1.8699594719159653,0.7036105580026045
"frozenset({'milv', 'runail', 'ingarden'})",frozenset({'irisk'}),0.014513802839789555,0.308669686566861,0.011832456478904711,0.8152554233729882,2.6411904338277012,0.007352485505453652,3.7420871889998333,0.6305342984710955
"frozenset({'milv', 'ingarden', 'irisk'})",frozenset({'runail'}),0.013894249324585103,0.35965589388368646,0.011832456478904711,0.8516081871345029,2.3678415997539997,0.006835307818228249,4.315225306241955,0.5858138968445276
"frozenset({'milv', 'ingarden'})","frozenset({'irisk', 'runail'})",0.01905380974628776,0.17870564098397287,0.011832456478904711,0.621002132196162,3.4750001666251613,0.008427433195007687,2.167015777094327,0.7260645249476906
"frozenset({'irisk', 'severina', 'ingarden'})",frozenset({'runail'}),0.0129699973592801,0.35965589388368646,0.011476974953787402,0.884886452623336,2.460369669096846,0.006812238959866466,5.5627171667383175,0.6013566055420899
"frozenset({'runail', 'ingarden', 'severina'})",frozenset({'irisk'}),0.01430051392471917,0.308669686566861,0.011476974953787402,0.8025568181818182,2.6000506467225644,0.007062839802899305,3.5014139615606474,0.6243202071735672
"frozenset({'severina', 'ingarden'})","frozenset({'irisk', 'runail'})",0.01743890796075484,0.17870564098397287,0.011476974953787402,0.6581246359930111,3.6827300602784816,0.0083605437286002,2.402320978586914,0.7413913695111287
"frozenset({'irisk', 'uno', 'ingarden'})",frozenset({'runail'}),0.016697475065510167,0.35965589388368646,0.01394503239960186,0.8351581508515815,2.3221033355890826,0.007939687079315236,3.8845967175469354,0.5790241854200238
"frozenset({'uno', 'runail', 'ingarden'})",frozenset({'irisk'}),0.018434256231083305,0.308669686566861,0.01394503239960186,0.7564738292011018,2.4507551668415677,0.008254936306660172,2.8388337531247667,0.603079832813477
"frozenset({'uno', 'ingarden'})","frozenset({'irisk', 'runail'})",0.024934489833228383,0.17870564098397287,0.01394503239960186,0.5592668024439917,3.1295419627752508,0.009489098411346427,1.8634728755862717,0.6978653381636327
"frozenset({'masura', 'runail', 'severina'})",frozenset({'irisk'}),0.014991163744947083,0.308669686566861,0.011385565418757236,0.7594850948509485,2.460510791643404,0.006758247604331929,2.8743761764149665,0.6026142118098338
"frozenset({'masura', 'severina', 'irisk'})",frozenset({'runail'}),0.013203599504357188,0.35965589388368646,0.011385565418757236,0.8623076923076922,2.3975908833196113,0.006636813036535452,4.650543787436911,0.5907142176003298
"frozenset({'masura', 'severina'})","frozenset({'irisk', 'runail'})",0.01883036421621402,0.17870564098397287,0.011385565418757236,0.6046386192017259,3.3834333145418314,0.008020473111537044,2.0773257047963356,0.7179617121255869
"frozenset({'masura', 'uno', 'runail'})",frozenset({'irisk'}),0.01436145361473928,0.308669686566861,0.010237867923378496,0.7128712871287128,2.309495613442098,0.00580492253747241,2.407736608853346,0.5752666888788133
"frozenset({'masura', 'uno', 'irisk'})",frozenset({'runail'}),0.012259034309045482,0.35965589388368646,0.010237867923378496,0.8351284175642087,2.3220206641025913,0.005828833980807963,3.8838961612180416,0.5764068019539685
"frozenset({'masura', 'uno'})","frozenset({'irisk', 'runail'})",0.019338194966381603,0.17870564098397287,0.010237867923378496,0.5294117647058824,2.9624793139762295,0.0067820233964382345,1.7452505129090576,0.6755080058827185
"frozenset({'irisk', 'freedecor', 'bpw_style', 'grattol'})",frozenset({'runail'}),0.013061406894310264,0.35965589388368646,0.010908204513599707,0.8351477449455676,2.3220744026390303,0.006210592541648004,3.8843515116300904,0.5768855141463914
"frozenset({'irisk', 'freedecor', 'bpw_style', 'runail'})",frozenset({'grattol'}),0.021389831197058645,0.17418594730748135,0.010908204513599707,0.50997150997151,2.9277419783542236,0.00718239650379293,1.6852368168318257,0.6728316007043076
"frozenset({'freedecor', 'bpw_style', 'runail', 'grattol'})",frozenset({'irisk'}),0.014107538239655487,0.308669686566861,0.010908204513599707,0.7732181425485961,2.505001871575456,0.006553635106935242,3.048437477328984,0.6093957756594385
"frozenset({'irisk', 'freedecor', 'runail', 'grattol'})",frozenset({'bpw_style'}),0.013234069349367243,0.11270795669219362,0.010908204513599707,0.8242517267843438,7.313163604193289,0.009416619598509738,5.04865298004398,0.8748379382251882
"frozenset({'freedecor', 'bpw_style', 'grattol'})","frozenset({'irisk', 'runail'})",0.019084279591297812,0.17870564098397287,0.010908204513599707,0.5715806279936136,3.1984475971011768,0.0074977360965194795,1.9170336653305777,0.7007210816096886
"frozenset({'irisk', 'freedecor', 'grattol'})","frozenset({'bpw_style', 'runail'})",0.016159174470332528,0.07044628166324728,0.010908204513599707,0.6750471401634192,9.582438195820346,0.009769850757417108,2.860580204784861,0.9103529789419843
"frozenset({'freedecor', 'runail', 'grattol'})","frozenset({'irisk', 'bpw_style'})",0.0175100042657783,0.06268662780068658,0.010908204513599707,0.622969837587007,9.937842558188843,0.00981056139340243,2.4860434671871023,0.9154032527294897
"frozenset({'irisk', 'freedecor', 'bpw_style', 'ingarden'})",frozenset({'runail'}),0.012391070304089053,0.35965589388368646,0.010603506063499158,0.8557377049180328,2.37932345742339,0.006146984597106406,4.438748917397174,0.5869858440313016
"frozenset({'freedecor', 'bpw_style', 'runail', 'ingarden'})",frozenset({'irisk'}),0.01333563549940076,0.308669686566861,0.010603506063499158,0.7951256664127951,2.5759758765315715,0.00648719963372922,3.3744115298799686,0.6200665888511644
"frozenset({'irisk', 'freedecor', 'runail', 'ingarden'})",frozenset({'bpw_style'}),0.01290905766925999,0.11270795669219362,0.010603506063499158,0.8214004720692368,7.287865880777951,0.009148552550775173,4.96805368741948,0.8740690272538933
"frozenset({'freedecor', 'bpw_style', 'ingarden'})","frozenset({'irisk', 'runail'})",0.016961547055597312,0.17870564098397287,0.010603506063499158,0.6251497005988024,3.4982091060845057,0.007572381924848822,2.1909929385890816,0.7264613524332596
"frozenset({'irisk', 'freedecor', 'ingarden'})","frozenset({'bpw_style', 'runail'})",0.015194296045014117,0.07044628166324728,0.010603506063499158,0.697860962566845,9.906285272838296,0.00953312440463733,3.076576023521643,0.9129252436136256
"frozenset({'freedecor', 'runail', 'ingarden'})","frozenset({'irisk', 'bpw_style'})",0.01647402953543643,0.06268662780068658,0.010603506063499158,0.6436498150431567,10.267737117550086,0.009570804705633736,2.630315380116413,0.9177262058108594
"frozenset({'irisk', 'bpw_style', 'runail', 'grattol'})",frozenset({'ingarden'}),0.02233439639237035,0.12422555810599444,0.01200511893396169,0.5375170532060027,4.326944160294057,0.009230616077158974,1.8936361826203718,0.786455013000828
"frozenset({'irisk', 'bpw_style', 'ingarden', 'grattol'})",frozenset({'runail'}),0.013792683174551585,0.35965589388368646,0.01200511893396169,0.8703976435935199,2.4200844707274793,0.007044499137763857,4.94083690969292,0.5949979001883732
"frozenset({'irisk', 'bpw_style', 'runail', 'ingarden'})",frozenset({'grattol'}),0.021450770887078755,0.17418594730748135,0.01200511893396169,0.5596590909090909,3.21299794593162,0.008268696086520134,1.8753970745017199,0.7038625908461688
"frozenset({'bpw_style', 'runail', 'ingarden', 'grattol'})",frozenset({'irisk'}),0.014686465294846534,0.308669686566861,0.01200511893396169,0.8174273858921162,2.6482269606188007,0.007471852294626328,3.786604671304238,0.6316657984223417
"frozenset({'irisk', 'runail', 'ingarden', 'grattol'})",frozenset({'bpw_style'}),0.02382741879786305,0.11270795669219362,0.01200511893396169,0.5038363171355499,4.470281707896906,0.009319579248005382,1.7883050975945995,0.7952491868623662
"frozenset({'bpw_style', 'ingarden', 'grattol'})","frozenset({'irisk', 'runail'})",0.018139714395986106,0.17870564098397287,0.01200511893396169,0.6618141097424413,3.703375596306978,0.008763449645560792,2.4285293463619615,0.7434622721322989
