support,itemsets
0.011835176170397583,frozenset({'1487580004857414477'})
0.013916285130024068,frozenset({'1487580004882580302'})
0.03934200763676505,frozenset({'1487580004916134735'})
0.01155467887583923,frozenset({'1487580005008409427'})
0.029895582620025698,frozenset({'1487580005050352469'})
0.2124359832787419,frozenset({'1487580005092295511'})
0.05851535496480211,frozenset({'1487580005134238553'})
0.17915633652436708,frozenset({'1487580005268456287'})
0.015608317197198646,frozenset({'1487580005411062629'})
0.03339727465209287,frozenset({'1487580005427839846'})
0.027298720570404823,frozenset({'1487580005461394279'})
0.042843699668832225,frozenset({'1487580005511725929'})
0.043965688847065636,frozenset({'1487580005553668971'})
0.10928536527986392,frozenset({'1487580005595612013'})
0.09313415009319749,frozenset({'1487580005671109489'})
0.04521435422284153,frozenset({'1487580005713052531'})
0.048598418357190684,frozenset({'1487580005754995573'})
0.019598617419786822,frozenset({'1487580005855658874'})
0.014305362022475976,frozenset({'1487580006132482952'})
0.03159666298702474,frozenset({'1487580006300255120'})
0.14411227130422194,frozenset({'1487580006317032337'})
0.028882173039685842,frozenset({'1487580006350586771'})
0.04834506596210572,frozenset({'1487580006509970331'})
0.05130386000470512,frozenset({'1487580006551913373'})
0.017969923451383485,frozenset({'1487580006895846315'})
0.013183372844242567,frozenset({'1487580006962955182'})
0.05987259993847156,frozenset({'1487580007256556476'})
0.07458513545304837,frozenset({'1487580007281722301'})
0.0461010876056389,frozenset({'1487580007306888126'})
0.013572449736694475,frozenset({'1487580007399162817'})
0.043386597658300004,frozenset({'1487580007432717250'})
0.010876056389004506,frozenset({'1487580007483048900'})
0.017779909155069763,frozenset({'1487580007575323592'})
0.013273855842487197,frozenset({'1487580007592100809'})
0.04297942416619917,frozenset({'1487580007634043851'})
0.1215820047413091,frozenset({'1487580007675986893'})
0.01886570513400532,frozenset({'1487580007717929935'})
0.015563075698076332,frozenset({'1487580007776650194'})
0.03880815794712174,frozenset({'1487580007852147670'})
0.03974013282904142,frozenset({'1487580007910867929'})
0.039314862737291664,frozenset({'1487580007936033754'})
0.025371432707794205,frozenset({'1487580007952810971'})
0.012016142166886842,frozenset({'1487580008112194531'})
0.09531479035089306,frozenset({'1487580008145748965'})
0.054678875839229805,frozenset({'1487580008187692007'})
0.1030058452016866,frozenset({'1487580008246412266'})
0.05243489748276299,frozenset({'1487580008263189483'})
0.02417705713096509,frozenset({'1487580008288355308'})
0.024801389818853038,frozenset({'1487580008313521133'})
0.012206156463200564,frozenset({'1487580008657454075'})
0.010079806004451764,frozenset({'1487580008774893569'})
0.026430083787256375,frozenset({'1487580009051717646'})
0.02478329321920411,frozenset({'1487580009143992338'})
0.010695090392515247,frozenset({'1487580009202712597'})
0.01137371287934997,frozenset({'1487580009227878422'})
0.012233301362673954,frozenset({'1487580009261432856'})
0.14703487214752348,frozenset({'1487580009286598681'})
0.07702817640565338,frozenset({'1487580009311764506'})
0.031370455491413166,frozenset({'1487580009362096156'})
0.07415081706147415,frozenset({'1487580009387261981'})
0.12616949275231185,frozenset({'1487580009445982239'})
0.07128250601711938,frozenset({'1487580009471148064'})
0.03950487703360538,frozenset({'1487580009496313889'})
0.017001755370165947,frozenset({'1487580009521479714'})
0.054154074449410956,frozenset({'1487580009605365797'})
0.010260772000941023,frozenset({'1487580009622143014'})
0.08225809370419299,frozenset({'1487580010100293687'})
0.03892578584483975,frozenset({'1487580010125459512'})
0.023199840749923088,frozenset({'1487580010628776014'})
0.018494724841202338,frozenset({'1487580010645553231'})
0.02626721439041604,frozenset({'1487580010796548183'})
0.01968910041803145,frozenset({'1487580010821714008'})
0.019571472520313434,frozenset({'1487580010872045658'})
0.025579543603756853,frozenset({'1487580011283087468'})
0.01712843156770843,frozenset({'1487580011383750769'})
0.01292097214933314,frozenset({'1487580011501191286'})
0.012332832660743046,frozenset({'1487580011534745720'})
0.043178486762337355,frozenset({'1487580011585077370'})
0.024801389818853038,frozenset({'1487580011627020412'})
0.027099657974266635,frozenset({'1487580011652186237'})
0.011844224470222046,frozenset({'1487580011677352062'})
0.017037948569463796,frozenset({'1487580011702517887'})
0.016540292079118335,frozenset({'1487580011853512836'})
0.011201795182685173,frozenset({'1487580012021285001'})
0.041956966286034854,frozenset({'1487580012096782476'})
0.02101920049222751,frozenset({'1487580012902088873'})
0.01996054941276534,frozenset({'1487580012927254698'})
0.019634810619084675,frozenset({'1487580012969197740'})
0.021037297091876437,frozenset({'1487580012994363565'})
0.04046399681499846,frozenset({'1487580013011140782'})
0.019444796322770953,frozenset({'1487580013027917999'})
0.023398903346061276,frozenset({'1487580013053083824'})
0.03114424799580159,frozenset({'1487580013069861041'})
0.010188385602345319,frozenset({'1487580013145358517'})
0.021869740675727032,frozenset({'1487580013388628160'})
0.014024864727917623,frozenset({'1487580013413793985'})
0.012957165348630992,frozenset({'1487580013472514244'})
0.014450134819667384,frozenset({'1487580013489291461'})
0.014115347726162254,frozenset({'1487580013506068678'})
0.04401093034618795,frozenset({'1487580013522845895'})
0.011808031270924193,frozenset({'1487580013539623112'})
0.03869053004940372,frozenset({'1487580013581566154'})
0.023073164552380607,frozenset({'1487580013749338323'})
0.010441737997430282,frozenset({'1487580013824835799'})
0.05714001339148374,frozenset({'1487580013841613016'})
0.03812048716046255,frozenset({'1487580013858390233'})
0.04056352811306756,frozenset({'1487580013950664926'})
0.01003456450532945,frozenset({'1495705810662064688'})
0.010722235291988635,frozenset({'1511892746070131099'})
0.010396496498307968,frozenset({'1516331853567492962'})
0.010912249588302359,frozenset({'1542195323827388674'})
0.012975261948279918,frozenset({'1597770225539875791'})
0.1139542879892868,frozenset({'1602943681873052386'})
0.03124377929387068,frozenset({'1605161575889502297'})
0.017843247253841003,frozenset({'1638456119066100510'})
0.017300349264373224,frozenset({'1658462125284131265'})
0.012197108163376102,frozenset({'1752742615205281895'})
0.04490671202880979,frozenset({'1783999063314661546'})
0.02641198718760745,frozenset({'1783999064103190764'})
0.028773593441792287,frozenset({'1783999064136745198'})
0.04740404278036157,frozenset({'1783999067156644376'})
0.013916285130024068,frozenset({'1783999068867920626'})
0.033578240648582135,frozenset({'1783999068909863670'})
0.01361769123581679,frozenset({'1783999071199952917'})
0.0236613040409707,frozenset({'1783999072332415142'})
0.011898514269168823,frozenset({'1891434214553813877'})
0.024756148319730723,frozenset({'1897124478404526487'})
0.034464974031379506,frozenset({'2007399943458784057'})
0.010079806004451764,frozenset({'2029082628195353599'})
0.018947139832425488,frozenset({'2055161088059638328'})
0.03175048408404061,frozenset({'2084144451428549153'})
0.018295662245064154,frozenset({'2115334439910245200'})
0.022494073363614978,frozenset({'2140803113261466607'})
0.011817079570748656,frozenset({'2141560642253881670'})
0.01103892578584484,frozenset({'2151191070984110951'})
0.014576811017209866,frozenset({'2151191071051219817'})
0.01847662824155341,frozenset({'2151191071118328683'})
0.0280859226551331,frozenset({'2151191071378375538'})
0.02433087822798096,frozenset({'2193074740552270669'})
0.04033732061745598,frozenset({'2195085255034011676'})
0.012305687761269658,frozenset({'2195085258272014535'})
0.016612678477714037,frozenset({'2196456817641391019'})
0.021761161077833473,"frozenset({'1487580005092295511', '1487580004916134735'})"
0.019607665719611284,"frozenset({'1487580004916134735', '1487580005268456287'})"
0.010459834597079208,"frozenset({'1487580004916134735', '1487580005595612013'})"
0.013753415733183734,"frozenset({'1487580004916134735', '1487580006317032337'})"
0.01422392732405581,"frozenset({'1487580004916134735', '1487580007675986893'})"
0.011789934671275268,"frozenset({'1487580004916134735', '1487580009286598681'})"
0.011654210173908323,"frozenset({'1487580009445982239', '1487580004916134735'})"
0.017119383267883963,"frozenset({'1487580004916134735', '1602943681873052386'})"
0.015744041694565593,"frozenset({'1487580005050352469', '1487580005092295511'})"
0.014685390615103423,"frozenset({'1487580005050352469', '1487580005268456287'})"
0.0100707577046273,"frozenset({'1487580005050352469', '1487580006317032337'})"
0.010115999203749615,"frozenset({'1487580005050352469', '1487580007675986893'})"
0.011518485676541379,"frozenset({'1487580005050352469', '1602943681873052386'})"
0.028122115854430953,"frozenset({'1487580005092295511', '1487580005134238553'})"
0.1193832678839646,"frozenset({'1487580005092295511', '1487580005268456287'})"
0.015517834198954016,"frozenset({'1487580005092295511', '1487580005427839846'})"
0.010115999203749615,"frozenset({'1487580005092295511', '1487580005461394279'})"
0.022159286270109848,"frozenset({'1487580005092295511', '1487580005511725929'})"
0.016621726777538502,"frozenset({'1487580005553668971', '1487580005092295511'})"
0.04922275104507863,"frozenset({'1487580005092295511', '1487580005595612013'})"
0.039541070232903236,"frozenset({'1487580005092295511', '1487580005671109489'})"
0.02198736857344505,"frozenset({'1487580005092295511', '1487580005713052531'})"
0.024149912231491703,"frozenset({'1487580005754995573', '1487580005092295511'})"
0.06093125101793373,"frozenset({'1487580005092295511', '1487580006317032337'})"
0.011627065274434934,"frozenset({'1487580005092295511', '1487580006350586771'})"
0.022729329159051015,"frozenset({'1487580006509970331', '1487580005092295511'})"
0.02519951501112941,"frozenset({'1487580006551913373', '1487580005092295511'})"
0.02747063826706962,"frozenset({'1487580005092295511', '1487580007256556476'})"
0.03682658028556434,"frozenset({'1487580005092295511', '1487580007281722301'})"
0.02129969778678586,"frozenset({'1487580005092295511', '1487580007306888126'})"
0.020032935811361046,"frozenset({'1487580007432717250', '1487580005092295511'})"
0.02077489639696701,"frozenset({'1487580005092295511', '1487580007634043851'})"
0.05298684377205523,"frozenset({'1487580005092295511', '1487580007675986893'})"
0.013409580339854142,"frozenset({'1487580005092295511', '1487580007852147670'})"
0.016784596174378833,"frozenset({'1487580005092295511', '1487580007910867929'})"
0.016115021987368573,"frozenset({'1487580005092295511', '1487580007936033754'})"
0.010269820300765486,"frozenset({'1487580007952810971', '1487580005092295511'})"
0.042074594183752874,"frozenset({'1487580005092295511', '1487580008145748965'})"
0.022204527769232162,"frozenset({'1487580005092295511', '1487580008187692007'})"
0.011961852367940064,"frozenset({'1487580005092295511', '1487580008246412266'})"
0.010740331891637561,"frozenset({'1487580005092295511', '1487580009051717646'})"
0.06251470348721475,"frozenset({'1487580005092295511', '1487580009286598681'})"
0.03035704591107331,"frozenset({'1487580009311764506', '1487580005092295511'})"
0.013020503447402233,"frozenset({'1487580005092295511', '1487580009362096156'})"
0.0415045512948117,"frozenset({'1487580005092295511', '1487580009387261981'})"
0.05092383141207767,"frozenset({'1487580009445982239', '1487580005092295511'})"
0.02565193000235256,"frozenset({'1487580009471148064', '1487580005092295511'})"
0.017490363560686947,"frozenset({'1487580005092295511', '1487580009496313889'})"
0.026611049783745636,"frozenset({'1487580009605365797', '1487580005092295511'})"
0.031795725583162925,"frozenset({'1487580005092295511', '1487580010100293687'})"
0.014531569518087551,"frozenset({'1487580010125459512', '1487580005092295511'})"
0.011057022385493765,"frozenset({'1487580005092295511', '1487580010628776014'})"
0.0114641958775946,"frozenset({'1487580005092295511', '1487580010796548183'})"
0.012061383666009158,"frozenset({'1487580005092295511', '1487580012096782476'})"
0.055800865017463216,"frozenset({'1487580005092295511', '1602943681873052386'})"
0.01798802005103241,"frozenset({'1605161575889502297', '1487580005092295511'})"
0.022059754972040754,"frozenset({'1487580005092295511', '1783999063314661546'})"
0.013147179644944714,"frozenset({'1487580005092295511', '1783999064103190764'})"
0.01410629942633779,"frozenset({'1487580005092295511', '1783999064136745198'})"
0.01685698257297454,"frozenset({'1487580005092295511', '1783999068909863670'})"
0.011789934671275268,"frozenset({'1487580005092295511', '1897124478404526487'})"
0.015418302900884924,"frozenset({'1487580005092295511', '2007399943458784057'})"
0.01052317269585045,"frozenset({'1487580005092295511', '2055161088059638328'})"
0.015744041694565593,"frozenset({'1487580005092295511', '2084144451428549153'})"
0.013120034745471326,"frozenset({'2193074740552270669', '1487580005092295511'})"
0.015273530103693516,"frozenset({'1487580005092295511', '2195085255034011676'})"
0.02568812320165041,"frozenset({'1487580005268456287', '1487580005134238553'})"
0.02232215566695018,"frozenset({'1487580005595612013', '1487580005134238553'})"
0.019933404513291952,"frozenset({'1487580005671109489', '1487580005134238553'})"
0.017662281257351743,"frozenset({'1487580006317032337', '1487580005134238553'})"
0.010224578801643172,"frozenset({'1487580007281722301', '1487580005134238553'})"
0.018033261550154726,"frozenset({'1487580007675986893', '1487580005134238553'})"
0.014477279719140774,"frozenset({'1487580008145748965', '1487580005134238553'})"
0.019888163014169638,"frozenset({'1487580009286598681', '1487580005134238553'})"
0.010776525090935414,"frozenset({'1487580009387261981', '1487580005134238553'})"
0.015725945094916666,"frozenset({'1487580009445982239', '1487580005134238553'})"
0.010360303299010117,"frozenset({'1487580009605365797', '1487580005134238553'})"
0.01610597368754411,"frozenset({'1602943681873052386', '1487580005134238553'})"
0.014368700121247217,"frozenset({'1487580005427839846', '1487580005268456287'})"
0.020304384806094936,"frozenset({'1487580005511725929', '1487580005268456287'})"
0.01591595939123039,"frozenset({'1487580005553668971', '1487580005268456287'})"
0.04511482292477244,"frozenset({'1487580005595612013', '1487580005268456287'})"
0.0356141081090863,"frozenset({'1487580005671109489', '1487580005268456287'})"
0.019725293617329304,"frozenset({'1487580005713052531', '1487580005268456287'})"
0.0220235617727429,"frozenset({'1487580005754995573', '1487580005268456287'})"
0.05339401726415607,"frozenset({'1487580006317032337', '1487580005268456287'})"
0.010695090392515247,"frozenset({'1487580006350586771', '1487580005268456287'})"
0.020213901807850303,"frozenset({'1487580006509970331', '1487580005268456287'})"
0.022937440055013664,"frozenset({'1487580006551913373', '1487580005268456287'})"
0.024611375522539315,"frozenset({'1487580007256556476', '1487580005268456287'})"
0.03328869505419932,"frozenset({'1487580007281722301', '1487580005268456287'})"
0.01956242422048897,"frozenset({'1487580007306888126', '1487580005268456287'})"
0.019327168425052933,"frozenset({'1487580007432717250', '1487580005268456287'})"
0.019363361624350785,"frozenset({'1487580007634043851', '1487580005268456287'})"
0.04797408566930274,"frozenset({'1487580007675986893', '1487580005268456287'})"
0.012088528565482546,"frozenset({'1487580007852147670', '1487580005268456287'})"
0.014694438914927886,"frozenset({'1487580007910867929', '1487580005268456287'})"
0.01501112940878409,"frozenset({'1487580007936033754', '1487580005268456287'})"
0.038201921858882715,"frozenset({'1487580008145748965', '1487580005268456287'})"
0.02108253859099875,"frozenset({'1487580008187692007', '1487580005268456287'})"
0.010206482201994245,"frozenset({'1487580008246412266', '1487580005268456287'})"
0.05608136231202157,"frozenset({'1487580009286598681', '1487580005268456287'})"
0.02602291029515554,"frozenset({'1487580009311764506', '1487580005268456287'})"
0.011364664579525507,"frozenset({'1487580009362096156', '1487580005268456287'})"
0.03796666606344668,"frozenset({'1487580009387261981', '1487580005268456287'})"
0.04601965290721873,"frozenset({'1487580009445982239', '1487580005268456287'})"
0.023208889049747553,"frozenset({'1487580009471148064', '1487580005268456287'})"
0.0161331185870175,"frozenset({'1487580005268456287', '1487580009496313889'})"
0.02477424491937965,"frozenset({'1487580009605365797', '1487580005268456287'})"
0.029099332235472956,"frozenset({'1487580010100293687', '1487580005268456287'})"
0.013228614343364881,"frozenset({'1487580010125459512', '1487580005268456287'})"
0.010269820300765486,"frozenset({'1487580010628776014', '1487580005268456287'})"
0.010903201288477896,"frozenset({'1487580010796548183', '1487580005268456287'})"
0.010830814889882192,"frozenset({'1487580012096782476', '1487580005268456287'})"
0.04685209649106933,"frozenset({'1602943681873052386', '1487580005268456287'})"
0.016060732188421797,"frozenset({'1605161575889502297', '1487580005268456287'})"
0.020241046707323695,"frozenset({'1783999063314661546', '1487580005268456287'})"
0.012649523154599251,"frozenset({'1783999064103190764', '1487580005268456287'})"
0.013427676939503067,"frozenset({'1783999064136745198', '1487580005268456287'})"
0.0149839845093107,"frozenset({'1487580005268456287', '1783999068909863670'})"
0.011057022385493765,"frozenset({'1897124478404526487', '1487580005268456287'})"
0.014341555221773829,"frozenset({'2007399943458784057', '1487580005268456287'})"
0.01464919741580557,"frozenset({'2084144451428549153', '1487580005268456287'})"
0.012378074159865362,"frozenset({'2193074740552270669', '1487580005268456287'})"
0.013662932734939105,"frozenset({'2195085255034011676', '1487580005268456287'})"
0.011961852367940064,"frozenset({'1487580005595612013', '1487580005427839846'})"
0.011636113574259397,"frozenset({'1487580005671109489', '1487580005427839846'})"
0.010559365895148302,"frozenset({'1487580006317032337', '1487580005427839846'})"
0.010622703993919543,"frozenset({'1487580007675986893', '1487580005427839846'})"
0.011292278180929803,"frozenset({'1487580009286598681', '1487580005427839846'})"
0.013943430029497458,"frozenset({'1487580005595612013', '1487580005511725929'})"
0.010269820300765486,"frozenset({'1487580005671109489', '1487580005511725929'})"
0.013898188530375142,"frozenset({'1487580006317032337', '1487580005511725929'})"
0.015753089994390054,"frozenset({'1487580007675986893', '1487580005511725929'})"
0.010260772000941023,"frozenset({'1487580005511725929', '1487580008145748965'})"
0.012703812953546029,"frozenset({'1487580009286598681', '1487580005511725929'})"
0.012215204763025027,"frozenset({'1487580009445982239', '1487580005511725929'})"
0.016513147179644944,"frozenset({'1602943681873052386', '1487580005511725929'})"
0.011491340777067989,"frozenset({'1487580005553668971', '1487580006317032337'})"
0.010115999203749615,"frozenset({'1487580005553668971', '1487580007675986893'})"
0.013156227944769177,"frozenset({'1487580005553668971', '1487580009286598681'})"
0.010514124396025986,"frozenset({'1487580005553668971', '1602943681873052386'})"
0.0314337935901844,"frozenset({'1487580005671109489', '1487580005595612013'})"
0.013391483740205216,"frozenset({'1487580005713052531', '1487580005595612013'})"
0.015382109701587071,"frozenset({'1487580005754995573', '1487580005595612013'})"
0.03253768616876889,"frozenset({'1487580006317032337', '1487580005595612013'})"
0.011780886371450805,"frozenset({'1487580006509970331', '1487580005595612013'})"
0.014242023923704735,"frozenset({'1487580006551913373', '1487580005595612013'})"
0.013925333429848532,"frozenset({'1487580005595612013', '1487580007256556476'})"
0.019933404513291952,"frozenset({'1487580007281722301', '1487580005595612013'})"
0.011029877486020377,"frozenset({'1487580005595612013', '1487580007306888126'})"
0.014015816428093162,"frozenset({'1487580007432717250', '1487580005595612013'})"
0.012604281655476935,"frozenset({'1487580005595612013', '1487580007634043851'})"
0.031108054796503738,"frozenset({'1487580005595612013', '1487580007675986893'})"
0.02531714290884743,"frozenset({'1487580005595612013', '1487580008145748965'})"
0.013925333429848532,"frozenset({'1487580008187692007', '1487580005595612013'})"
0.03542409381277258,"frozenset({'1487580005595612013', '1487580009286598681'})"
0.01746321866121356,"frozenset({'1487580009311764506', '1487580005595612013'})"
0.019716245317504842,"frozenset({'1487580005595612013', '1487580009387261981'})"
0.027506831466367468,"frozenset({'1487580009445982239', '1487580005595612013'})"
0.014793970212996978,"frozenset({'1487580009471148064', '1487580005595612013'})"
0.011328471380227655,"frozenset({'1487580005595612013', '1487580009496313889'})"
0.01774371595577191,"frozenset({'1487580009605365797', '1487580005595612013'})"
0.017164624767006278,"frozenset({'1487580010100293687', '1487580005595612013'})"
0.02626721439041604,"frozenset({'1487580005595612013', '1602943681873052386'})"
0.011473244177419063,"frozenset({'1783999063314661546', '1487580005595612013'})"
0.012694764653721565,"frozenset({'2084144451428549153', '1487580005595612013'})"
0.01025172370111656,"frozenset({'2195085255034011676', '1487580005595612013'})"
0.010984635986898061,"frozenset({'1487580005713052531', '1487580005671109489'})"
0.011545630576014767,"frozenset({'1487580005754995573', '1487580005671109489'})"
0.025425722506740984,"frozenset({'1487580005671109489', '1487580006317032337'})"
0.011608968674786007,"frozenset({'1487580006551913373', '1487580005671109489'})"
0.011066070685318228,"frozenset({'1487580005671109489', '1487580007256556476'})"
0.016603630177889576,"frozenset({'1487580007281722301', '1487580005671109489'})"
0.010749380191462024,"frozenset({'1487580007432717250', '1487580005671109489'})"
0.01058651079462169,"frozenset({'1487580005671109489', '1487580007634043851'})"
0.0269367885774263,"frozenset({'1487580005671109489', '1487580007675986893'})"
0.020159612008903528,"frozenset({'1487580005671109489', '1487580008145748965'})"
0.011491340777067989,"frozenset({'1487580008187692007', '1487580005671109489'})"
0.03003130711739264,"frozenset({'1487580005671109489', '1487580009286598681'})"
0.015753089994390054,"frozenset({'1487580009311764506', '1487580005671109489'})"
0.015689751895618814,"frozenset({'1487580005671109489', '1487580009387261981'})"
0.021752112778009012,"frozenset({'1487580009445982239', '1487580005671109489'})"
0.012007093867062378,"frozenset({'1487580009471148064', '1487580005671109489'})"
0.014115347726162254,"frozenset({'1487580009605365797', '1487580005671109489'})"
0.013907236830199605,"frozenset({'1487580010100293687', '1487580005671109489'})"
0.02056678550100436,"frozenset({'1487580005671109489', '1602943681873052386'})"
0.014848260011943755,"frozenset({'2084144451428549153', '1487580005671109489'})"
0.014631100816156643,"frozenset({'1487580005713052531', '1487580006317032337'})"
0.014839211712119292,"frozenset({'1487580005713052531', '1487580007675986893'})"
0.010740331891637561,"frozenset({'1487580005713052531', '1487580008145748965'})"
0.013599594636167864,"frozenset({'1487580005713052531', '1487580009286598681'})"
0.01246855715810999,"frozenset({'1487580009445982239', '1487580005713052531'})"
0.016911272371921315,"frozenset({'1487580005713052531', '1602943681873052386'})"
0.016694113176134204,"frozenset({'1487580005754995573', '1487580006317032337'})"
0.016766499574729907,"frozenset({'1487580005754995573', '1487580007675986893'})"
0.011717548272679564,"frozenset({'1487580005754995573', '1487580008145748965'})"
0.015146853906151034,"frozenset({'1487580005754995573', '1487580009286598681'})"
0.013726270833710346,"frozenset({'1487580005754995573', '1487580009445982239'})"
0.017001755370165947,"frozenset({'1487580005754995573', '1602943681873052386'})"
0.014812066812645904,"frozenset({'1487580006317032337', '1487580006300255120'})"
0.011608968674786007,"frozenset({'1487580006317032337', '1487580006350586771'})"
0.017707522756474057,"frozenset({'1487580006509970331', '1487580006317032337'})"
0.018340903744186468,"frozenset({'1487580006551913373', '1487580006317032337'})"
0.02453898912394361,"frozenset({'1487580006317032337', '1487580007256556476'})"
0.024955210915868907,"frozenset({'1487580007281722301', '1487580006317032337'})"
0.01813279284822382,"frozenset({'1487580006317032337', '1487580007306888126'})"
0.015852621292459148,"frozenset({'1487580007432717250', '1487580006317032337'})"
0.016504098879820482,"frozenset({'1487580006317032337', '1487580007634043851'})"
0.03984871242693498,"frozenset({'1487580006317032337', '1487580007675986893'})"
0.013762464033008197,"frozenset({'1487580006317032337', '1487580007852147670'})"
0.016422664181400315,"frozenset({'1487580006317032337', '1487580007910867929'})"
0.01559022059754972,"frozenset({'1487580007936033754', '1487580006317032337'})"
0.03650084149188367,"frozenset({'1487580006317032337', '1487580008145748965'})"
0.020032935811361046,"frozenset({'1487580008187692007', '1487580006317032337'})"
0.04803742376807398,"frozenset({'1487580006317032337', '1487580009286598681'})"
0.02335366184693896,"frozenset({'1487580009311764506', '1487580006317032337'})"
0.02450279592464576,"frozenset({'1487580006317032337', '1487580009387261981'})"
0.04621871550335692,"frozenset({'1487580009445982239', '1487580006317032337'})"
0.02465661702166163,"frozenset({'1487580009471148064', '1487580006317032337'})"
0.016558388678767258,"frozenset({'1487580006317032337', '1487580009496313889'})"
0.02238549376572142,"frozenset({'1487580009605365797', '1487580006317032337'})"
0.024149912231491703,"frozenset({'1487580010100293687', '1487580006317032337'})"
0.0329267630612208,"frozenset({'1487580006317032337', '1602943681873052386'})"
0.012269494561971805,"frozenset({'1605161575889502297', '1487580006317032337'})"
0.017580846558931575,"frozenset({'1783999063314661546', '1487580006317032337'})"
0.010188385602345319,"frozenset({'1783999064103190764', '1487580006317032337'})"
0.011111312184440544,"frozenset({'1487580006317032337', '1783999064136745198'})"
0.013590546336343401,"frozenset({'1487580006317032337', '1783999068909863670'})"
0.013635787835465716,"frozenset({'1487580006317032337', '2007399943458784057'})"
0.010025516205504986,"frozenset({'2084144451428549153', '1487580006317032337'})"
0.010912249588302359,"frozenset({'2193074740552270669', '1487580006317032337'})"
0.010496027796377061,"frozenset({'1487580009445982239', '1487580006350586771'})"
0.014938743010188386,"frozenset({'1487580006509970331', '1487580006551913373'})"
0.010559365895148302,"frozenset({'1487580006509970331', '1487580007256556476'})"
0.014305362022475976,"frozenset({'1487580006509970331', '1487580007281722301'})"
0.013943430029497458,"frozenset({'1487580006509970331', '1487580007675986893'})"
0.014024864727917623,"frozenset({'1487580006509970331', '1487580008145748965'})"
0.022819812157295644,"frozenset({'1487580006509970331', '1487580009286598681'})"
0.012839537450912973,"frozenset({'1487580006509970331', '1487580009311764506'})"
0.01155467887583923,"frozenset({'1487580006509970331', '1487580009387261981'})"
0.020123418809605675,"frozenset({'1487580006509970331', '1487580009445982239'})"
0.010667945493041857,"frozenset({'1487580006509970331', '1487580009471148064'})"
0.010405544798132431,"frozenset({'1487580006509970331', '1487580009605365797'})"
0.013237662643189345,"frozenset({'1487580006509970331', '1487580010100293687'})"
0.010550317595323839,"frozenset({'1487580006509970331', '1602943681873052386'})"
0.010930346187951284,"frozenset({'1487580006551913373', '1487580007256556476'})"
0.018603304439095893,"frozenset({'1487580006551913373', '1487580007281722301'})"
0.014866356611592682,"frozenset({'1487580006551913373', '1487580007675986893'})"
0.01501112940878409,"frozenset({'1487580006551913373', '1487580008145748965'})"
0.023036971353082757,"frozenset({'1487580006551913373', '1487580009286598681'})"
0.012613329955301398,"frozenset({'1487580009311764506', '1487580006551913373'})"
0.013418628639678604,"frozenset({'1487580006551913373', '1487580009387261981'})"
0.020385819504515103,"frozenset({'1487580009445982239', '1487580006551913373'})"
0.011165601983387322,"frozenset({'1487580009471148064', '1487580006551913373'})"
0.010894152988653432,"frozenset({'1487580006551913373', '1487580009605365797'})"
0.012595233355652474,"frozenset({'1487580006551913373', '1487580010100293687'})"
0.01131037478057873,"frozenset({'1487580006551913373', '1602943681873052386'})"
0.015897862791581462,"frozenset({'1487580007281722301', '1487580007256556476'})"
0.01592500769105485,"frozenset({'1487580007256556476', '1487580007306888126'})"
0.017906585352612244,"frozenset({'1487580007256556476', '1487580007675986893'})"
0.01731844586402215,"frozenset({'1487580007256556476', '1487580008145748965'})"
0.021860692375902567,"frozenset({'1487580007256556476', '1487580009286598681'})"
0.011020829186195914,"frozenset({'1487580009311764506', '1487580007256556476'})"
0.012785247651966196,"frozenset({'1487580007256556476', '1487580009387261981'})"
0.02626721439041604,"frozenset({'1487580009445982239', '1487580007256556476'})"
0.015997394089650556,"frozenset({'1487580009471148064', '1487580007256556476'})"
0.012531895256881233,"frozenset({'1487580009605365797', '1487580007256556476'})"
0.013273855842487197,"frozenset({'1487580010100293687', '1487580007256556476'})"
0.014214879024231348,"frozenset({'1487580007256556476', '1602943681873052386'})"
0.010387448198483504,"frozenset({'1487580007256556476', '2007399943458784057'})"
0.01377151233283266,"frozenset({'1487580007281722301', '1487580007306888126'})"
0.019698148717855916,"frozenset({'1487580007281722301', '1487580007675986893'})"
0.019037622830670117,"frozenset({'1487580007281722301', '1487580008145748965'})"
0.01258618505582801,"frozenset({'1487580007281722301', '1487580008187692007'})"
0.03117139289527498,"frozenset({'1487580007281722301', '1487580009286598681'})"
0.016205504985613205,"frozenset({'1487580009311764506', '1487580007281722301'})"
0.019824824915398397,"frozenset({'1487580007281722301', '1487580009387261981'})"
0.024566134023417,"frozenset({'1487580009445982239', '1487580007281722301'})"
0.01397962322879531,"frozenset({'1487580009471148064', '1487580007281722301'})"
0.01301145514757777,"frozenset({'1487580009605365797', '1487580007281722301'})"
0.016838885973325612,"frozenset({'1487580007281722301', '1487580010100293687'})"
0.015327819902640294,"frozenset({'1487580007281722301', '1602943681873052386'})"
0.010134095803398541,"frozenset({'1487580007281722301', '1783999063314661546'})"
0.012875730650210825,"frozenset({'1487580007281722301', '2195085255034011676'})"
0.013871043630901754,"frozenset({'1487580007675986893', '1487580007306888126'})"
0.012694764653721565,"frozenset({'1487580008145748965', '1487580007306888126'})"
0.017092238368410576,"frozenset({'1487580009286598681', '1487580007306888126'})"
0.010568414194972765,"frozenset({'1487580009387261981', '1487580007306888126'})"
0.02013246710943014,"frozenset({'1487580009445982239', '1487580007306888126'})"
0.011853272770046509,"frozenset({'1487580009471148064', '1487580007306888126'})"
0.011337519680052118,"frozenset({'1487580010100293687', '1487580007306888126'})"
0.011120360484265006,"frozenset({'1602943681873052386', '1487580007306888126'})"
0.010568414194972765,"frozenset({'1487580007432717250', '1487580007634043851'})"
0.02002388751153658,"frozenset({'1487580007432717250', '1487580007675986893'})"
0.01377151233283266,"frozenset({'1487580007432717250', '1487580008145748965'})"
0.015210192004922275,"frozenset({'1487580007432717250', '1487580009286598681'})"
0.01579833149351237,"frozenset({'1487580009445982239', '1487580007432717250'})"
0.011563727175663693,"frozenset({'1487580007432717250', '1602943681873052386'})"
0.010776525090935414,"frozenset({'1487580007575323592', '1487580007675986893'})"
0.023471289744656978,"frozenset({'1487580007675986893', '1487580007634043851'})"
0.014441086519842921,"frozenset({'1487580008145748965', '1487580007634043851'})"
0.015128757306502108,"frozenset({'1487580009286598681', '1487580007634043851'})"
0.015517834198954016,"frozenset({'1487580009445982239', '1487580007634043851'})"
0.012540943556705694,"frozenset({'1602943681873052386', '1487580007634043851'})"
0.010595559094446153,"frozenset({'1487580007910867929', '1487580007675986893'})"
0.010306013500063337,"frozenset({'1487580007936033754', '1487580007675986893'})"
0.03123473099404622,"frozenset({'1487580007675986893', '1487580008145748965'})"
0.015228288604571202,"frozenset({'1487580008187692007', '1487580007675986893'})"
0.0377404585678351,"frozenset({'1487580007675986893', '1487580009286598681'})"
0.01689317577227239,"frozenset({'1487580009311764506', '1487580007675986893'})"
0.01974339021697823,"frozenset({'1487580007675986893', '1487580009387261981'})"
0.03538790061347473,"frozenset({'1487580009445982239', '1487580007675986893'})"
0.01986101811469625,"frozenset({'1487580009471148064', '1487580007675986893'})"
0.012776199352141733,"frozenset({'1487580007675986893', '1487580009496313889'})"
0.019906259613818564,"frozenset({'1487580009605365797', '1487580007675986893'})"
0.02113682838994553,"frozenset({'1487580010100293687', '1487580007675986893'})"
0.01101178088637145,"frozenset({'1487580007675986893', '1487580010796548183'})"
0.033732061745598,"frozenset({'1487580007675986893', '1602943681873052386'})"
0.013264807542662734,"frozenset({'1783999063314661546', '1487580007675986893'})"
0.010631752293744006,"frozenset({'1487580007675986893', '1783999068909863670'})"
0.010686042092690784,"frozenset({'1487580007675986893', '1897124478404526487'})"
0.01036935159883458,"frozenset({'1487580007675986893', '2007399943458784057'})"
0.010541269295499376,"frozenset({'2055161088059638328', '1487580007675986893'})"
0.010360303299010117,"frozenset({'2084144451428549153', '1487580007675986893'})"
0.014323458622124903,"frozenset({'1487580007852147670', '1487580009286598681'})"
0.012504750357407843,"frozenset({'1487580009445982239', '1487580007852147670'})"
0.011138457083913932,"frozenset({'1487580007910867929', '1487580008145748965'})"
0.01410629942633779,"frozenset({'1487580007910867929', '1487580009286598681'})"
0.013328145641433975,"frozenset({'1487580009445982239', '1487580007910867929'})"
0.012097576865307009,"frozenset({'1487580007936033754', '1487580008145748965'})"
0.017056045169112723,"frozenset({'1487580007936033754', '1487580009286598681'})"
0.010179337302520856,"frozenset({'1487580009311764506', '1487580007936033754'})"
0.01504732260808194,"frozenset({'1487580009445982239', '1487580007936033754'})"
0.010405544798132431,"frozenset({'1487580007952810971', '1487580009286598681'})"
0.025072838813586927,"frozenset({'1487580008187692007', '1487580008145748965'})"
0.035116451618740836,"frozenset({'1487580009286598681', '1487580008145748965'})"
0.017734667655947448,"frozenset({'1487580009311764506', '1487580008145748965'})"
0.018974284731898876,"frozenset({'1487580009387261981', '1487580008145748965'})"
0.03408494543875206,"frozenset({'1487580009445982239', '1487580008145748965'})"
0.02184259577625364,"frozenset({'1487580009471148064', '1487580008145748965'})"
0.01274000615284388,"frozenset({'1487580008145748965', '1487580009496313889'})"
0.019779583416276083,"frozenset({'1487580009605365797', '1487580008145748965'})"
0.01792468195226117,"frozenset({'1487580010100293687', '1487580008145748965'})"
0.02167972637941331,"frozenset({'1602943681873052386', '1487580008145748965'})"
0.012396170759514288,"frozenset({'1783999063314661546', '1487580008145748965'})"
0.023154599250800774,"frozenset({'1487580008187692007', '1487580009286598681'})"
0.011364664579525507,"frozenset({'1487580009311764506', '1487580008187692007'})"
0.012459508858285529,"frozenset({'1487580008187692007', '1487580009387261981'})"
0.018729980636638374,"frozenset({'1487580009445982239', '1487580008187692007'})"
0.013174324544418104,"frozenset({'1487580009471148064', '1487580008187692007'})"
0.012197108163376102,"frozenset({'1487580008187692007', '1487580009496313889'})"
0.010106950903925152,"frozenset({'1487580009605365797', '1487580008187692007'})"
0.010179337302520856,"frozenset({'1487580008187692007', '1487580010100293687'})"
0.01067699379286632,"frozenset({'1487580008187692007', '1602943681873052386'})"
0.013364338840731826,"frozenset({'1783999063314661546', '1487580008187692007'})"
0.02660200148392117,"frozenset({'1487580008263189483', '1487580008246412266'})"
0.011925659168642213,"frozenset({'1487580008313521133', '1487580008246412266'})"
0.010686042092690784,"frozenset({'1487580009286598681', '1487580008246412266'})"
0.010496027796377061,"frozenset({'1487580008246412266', '1487580011585077370'})"
0.010115999203749615,"frozenset({'1487580013749338323', '1487580008246412266'})"
0.013400532040029679,"frozenset({'1487580013841613016', '1487580008246412266'})"
0.03837383955554751,"frozenset({'1487580008246412266', '1783999067156644376'})"
0.012450460558461066,"frozenset({'1487580008263189483', '1783999067156644376'})"
0.04685209649106933,"frozenset({'1487580009311764506', '1487580009286598681'})"
0.017644184657702816,"frozenset({'1487580009362096156', '1487580009286598681'})"
0.028520241046707324,"frozenset({'1487580009387261981', '1487580009286598681'})"
0.04522340252266599,"frozenset({'1487580009445982239', '1487580009286598681'})"
0.023299372047992182,"frozenset({'1487580009471148064', '1487580009286598681'})"
0.017481315260862485,"frozenset({'1487580009286598681', '1487580009496313889'})"
0.022376445465896958,"frozenset({'1487580009605365797', '1487580009286598681'})"
0.02820355055285112,"frozenset({'1487580010100293687', '1487580009286598681'})"
0.014513472918438625,"frozenset({'1487580010125459512', '1487580009286598681'})"
0.01064984889339293,"frozenset({'1487580009286598681', '1487580010796548183'})"
0.029434119328978086,"frozenset({'1602943681873052386', '1487580009286598681'})"
0.012260446262147343,"frozenset({'1605161575889502297', '1487580009286598681'})"
0.01768037785700067,"frozenset({'1783999063314661546', '1487580009286598681'})"
0.011002732586546988,"frozenset({'1783999064103190764', '1487580009286598681'})"
0.011319423080403191,"frozenset({'1783999064136745198', '1487580009286598681'})"
0.012296639461445194,"frozenset({'1487580009286598681', '2007399943458784057'})"
0.011337519680052118,"frozenset({'2084144451428549153', '1487580009286598681'})"
0.01504732260808194,"frozenset({'2195085255034011676', '1487580009286598681'})"
0.010867008089180043,"frozenset({'1487580009311764506', '1487580009362096156'})"
0.01431441032230044,"frozenset({'1487580009311764506', '1487580009387261981'})"
0.02255741146238622,"frozenset({'1487580009311764506', '1487580009445982239'})"
0.01179898297109973,"frozenset({'1487580009311764506', '1487580009471148064'})"
0.011898514269168823,"frozenset({'1487580009311764506', '1487580009605365797'})"
0.015943104290703777,"frozenset({'1487580009311764506', '1487580010100293687'})"
0.013183372844242567,"frozenset({'1487580009311764506', '1602943681873052386'})"
0.010306013500063337,"frozenset({'1487580009445982239', '1487580009362096156'})"
0.02277457065817333,"frozenset({'1487580009445982239', '1487580009387261981'})"
0.012106625165131472,"frozenset({'1487580009471148064', '1487580009387261981'})"
0.012350929260391972,"frozenset({'1487580009605365797', '1487580009387261981'})"
0.015753089994390054,"frozenset({'1487580010100293687', '1487580009387261981'})"
0.017083190068586114,"frozenset({'1487580009387261981', '1602943681873052386'})"
0.012477605457934453,"frozenset({'1605161575889502297', '1487580009387261981'})"
0.010568414194972765,"frozenset({'1783999063314661546', '1487580009387261981'})"
0.03394922094138511,"frozenset({'1487580009445982239', '1487580009471148064'})"
0.016811741073852225,"frozenset({'1487580009445982239', '1487580009496313889'})"
0.010667945493041857,"frozenset({'1487580009445982239', '1487580009521479714'})"
0.02741634846812284,"frozenset({'1487580009445982239', '1487580009605365797'})"
0.025543350404459004,"frozenset({'1487580009445982239', '1487580010100293687'})"
0.010803669990408802,"frozenset({'1487580010125459512', '1487580009445982239'})"
0.010423641397781357,"frozenset({'1487580009445982239', '1487580012096782476'})"
0.02732586546987821,"frozenset({'1487580009445982239', '1602943681873052386'})"
0.011292278180929803,"frozenset({'1487580009445982239', '1605161575889502297'})"
0.01431441032230044,"frozenset({'1487580009445982239', '1783999063314661546'})"
0.012097576865307009,"frozenset({'1487580009445982239', '1783999068909863670'})"
0.0180151649505058,"frozenset({'1487580009445982239', '2007399943458784057'})"
0.011446099277945675,"frozenset({'1487580009445982239', '2193074740552270669'})"
0.011138457083913932,"frozenset({'1487580009471148064', '1487580009496313889'})"
0.017571798259107114,"frozenset({'1487580009471148064', '1487580009605365797'})"
0.013871043630901754,"frozenset({'1487580009471148064', '1487580010100293687'})"
0.014386796720896143,"frozenset({'1487580009471148064', '1602943681873052386'})"
0.012323784360918584,"frozenset({'1783999063314661546', '1487580009496313889'})"
0.013445773539151993,"frozenset({'1487580009605365797', '1487580010100293687'})"
0.014766825313523588,"frozenset({'1487580009605365797', '1602943681873052386'})"
0.012930020449157604,"frozenset({'1487580010125459512', '1487580010100293687'})"
0.011400857778823359,"frozenset({'1487580010100293687', '1487580012096782476'})"
0.017436073761740167,"frozenset({'1487580010100293687', '1602943681873052386'})"
0.011853272770046509,"frozenset({'1487580013011140782', '1487580012902088873'})"
0.010468882896903672,"frozenset({'1487580012969197740', '1487580012994363565'})"
0.011111312184440544,"frozenset({'1487580013011140782', '1487580012969197740'})"
0.010794621690584339,"frozenset({'1487580013011140782', '1487580012994363565'})"
0.013472918438625383,"frozenset({'1487580013053083824', '1487580013011140782'})"
0.015164950505799961,"frozenset({'1487580013011140782', '1487580013069861041'})"
0.012513798657232306,"frozenset({'1487580013581566154', '1487580013522845895'})"
0.010161240702871931,"frozenset({'2151191071118328683', '1487580013522845895'})"
0.033116777357534516,"frozenset({'1487580013841613016', '1487580013858390233'})"
0.010785573390759876,"frozenset({'1783999063314661546', '1602943681873052386'})"
0.011789934671275268,"frozenset({'1783999068867920626', '1783999068909863670'})"
0.015083515807379794,"frozenset({'1487580005092295511', '1487580004916134735', '1487580005268456287'})"
0.011002732586546988,"frozenset({'1487580005092295511', '1487580004916134735', '1602943681873052386'})"
0.0109755876870736,"frozenset({'1487580005050352469', '1487580005092295511', '1487580005268456287'})"
0.0187480772362873,"frozenset({'1487580005092295511', '1487580005268456287', '1487580005134238553'})"
0.01191661086881775,"frozenset({'1487580005092295511', '1487580005595612013', '1487580005134238553'})"
0.010477931196728135,"frozenset({'1487580005092295511', '1487580005671109489', '1487580005134238553'})"
0.011084167284967155,"frozenset({'1487580005092295511', '1487580006317032337', '1487580005134238553'})"
0.010894152988653432,"frozenset({'1487580005092295511', '1487580007675986893', '1487580005134238553'})"
0.011943755768291138,"frozenset({'1487580005092295511', '1487580009286598681', '1487580005134238553'})"
0.01052317269585045,"frozenset({'1487580005092295511', '1487580005427839846', '1487580005268456287'})"
0.015002081108959626,"frozenset({'1487580005092295511', '1487580005511725929', '1487580005268456287'})"
0.03193145008052987,"frozenset({'1487580005092295511', '1487580005595612013', '1487580005268456287'})"
0.024828534718326425,"frozenset({'1487580005092295511', '1487580005671109489', '1487580005268456287'})"
0.014088202826688866,"frozenset({'1487580005092295511', '1487580005713052531', '1487580005268456287'})"
0.015879766191932536,"frozenset({'1487580005754995573', '1487580005092295511', '1487580005268456287'})"
0.03916104164027579,"frozenset({'1487580005092295511', '1487580006317032337', '1487580005268456287'})"
0.015725945094916666,"frozenset({'1487580006509970331', '1487580005092295511', '1487580005268456287'})"
0.017689426156825134,"frozenset({'1487580006551913373', '1487580005092295511', '1487580005268456287'})"
0.019110009229265822,"frozenset({'1487580005092295511', '1487580007256556476', '1487580005268456287'})"
0.025308094609022964,"frozenset({'1487580005092295511', '1487580007281722301', '1487580005268456287'})"
0.015155902205975498,"frozenset({'1487580005092295511', '1487580007306888126', '1487580005268456287'})"
0.013726270833710346,"frozenset({'1487580007432717250', '1487580005092295511', '1487580005268456287'})"
0.014097251126513327,"frozenset({'1487580005092295511', '1487580007634043851', '1487580005268456287'})"
0.03454640872979967,"frozenset({'1487580005092295511', '1487580007675986893', '1487580005268456287'})"
0.011274181581280877,"frozenset({'1487580005092295511', '1487580007910867929', '1487580005268456287'})"
0.011509437376716915,"frozenset({'1487580005092295511', '1487580007936033754', '1487580005268456287'})"
0.028004487956712933,"frozenset({'1487580005092295511', '1487580008145748965', '1487580005268456287'})"
0.01510161240702872,"frozenset({'1487580005092295511', '1487580008187692007', '1487580005268456287'})"
0.04038256211657829,"frozenset({'1487580005092295511', '1487580009286598681', '1487580005268456287'})"
0.019300023525579545,"frozenset({'1487580009311764506', '1487580005092295511', '1487580005268456287'})"
0.029615085325467343,"frozenset({'1487580005092295511', '1487580009387261981', '1487580005268456287'})"
0.034012559040156355,"frozenset({'1487580009445982239', '1487580005092295511', '1487580005268456287'})"
0.01731844586402215,"frozenset({'1487580009471148064', '1487580005092295511', '1487580005268456287'})"
0.011789934671275268,"frozenset({'1487580005092295511', '1487580005268456287', '1487580009496313889'})"
0.018657594238042672,"frozenset({'1487580009605365797', '1487580005092295511', '1487580005268456287'})"
0.022068803271865216,"frozenset({'1487580005092295511', '1487580010100293687', '1487580005268456287'})"
0.03451926383032628,"frozenset({'1487580005092295511', '1602943681873052386', '1487580005268456287'})"
0.012577136756003547,"frozenset({'1605161575889502297', '1487580005092295511', '1487580005268456287'})"
0.015246385204220126,"frozenset({'1487580005092295511', '1783999063314661546', '1487580005268456287'})"
0.011563727175663693,"frozenset({'1487580005092295511', '1487580005268456287', '1783999068909863670'})"
0.011120360484265006,"frozenset({'1487580005092295511', '2007399943458784057', '1487580005268456287'})"
0.01061365569409508,"frozenset({'1487580005092295511', '2084144451428549153', '1487580005268456287'})"
0.0100707577046273,"frozenset({'1487580005092295511', '2195085255034011676', '1487580005268456287'})"
0.01058651079462169,"frozenset({'1487580005092295511', '1602943681873052386', '1487580005511725929'})"
0.01598834578982609,"frozenset({'1487580005092295511', '1487580005671109489', '1487580005595612013'})"
0.019462892922419876,"frozenset({'1487580005092295511', '1487580006317032337', '1487580005595612013'})"
0.01191661086881775,"frozenset({'1487580005092295511', '1487580007281722301', '1487580005595612013'})"
0.017671329557176207,"frozenset({'1487580005092295511', '1487580005595612013', '1487580007675986893'})"
0.014974936209486237,"frozenset({'1487580005092295511', '1487580005595612013', '1487580008145748965'})"
0.019661955518558063,"frozenset({'1487580005092295511', '1487580005595612013', '1487580009286598681'})"
0.01240521905933875,"frozenset({'1487580005092295511', '1487580005595612013', '1487580009387261981'})"
0.01664887167701189,"frozenset({'1487580009445982239', '1487580005092295511', '1487580005595612013'})"
0.01061365569409508,"frozenset({'1487580009605365797', '1487580005595612013', '1487580005092295511'})"
0.01052317269585045,"frozenset({'1487580005092295511', '1487580010100293687', '1487580005595612013'})"
0.015843572992634683,"frozenset({'1487580005092295511', '1487580005595612013', '1602943681873052386'})"
0.014875404911417145,"frozenset({'1487580005092295511', '1487580005671109489', '1487580006317032337'})"
0.014486328018965237,"frozenset({'1487580005092295511', '1487580005671109489', '1487580007675986893'})"
0.011400857778823359,"frozenset({'1487580005092295511', '1487580005671109489', '1487580008145748965'})"
0.01653124377929387,"frozenset({'1487580005092295511', '1487580005671109489', '1487580009286598681'})"
0.012866682350386363,"frozenset({'1487580009445982239', '1487580005092295511', '1487580005671109489'})"
0.011907562568993287,"frozenset({'1487580005092295511', '1487580005671109489', '1602943681873052386'})"
0.010514124396025986,"frozenset({'1487580005092295511', '1602943681873052386', '1487580005713052531'})"
0.010930346187951284,"frozenset({'1487580005754995573', '1487580005092295511', '1487580006317032337'})"
0.010306013500063337,"frozenset({'1487580005754995573', '1487580005092295511', '1487580007675986893'})"
0.010957491087424673,"frozenset({'1487580005754995573', '1487580005092295511', '1602943681873052386'})"
0.010794621690584339,"frozenset({'1487580006509970331', '1487580005092295511', '1487580006317032337'})"
0.011210843482509636,"frozenset({'1487580006551913373', '1487580006317032337', '1487580005092295511'})"
0.014658245715630033,"frozenset({'1487580005092295511', '1487580006317032337', '1487580007256556476'})"
0.015291626703342442,"frozenset({'1487580005092295511', '1487580007281722301', '1487580006317032337'})"
0.011147505383738395,"frozenset({'1487580005092295511', '1487580006317032337', '1487580007306888126'})"
0.0231726958504497,"frozenset({'1487580005092295511', '1487580006317032337', '1487580007675986893'})"
0.020241046707323695,"frozenset({'1487580005092295511', '1487580006317032337', '1487580008145748965'})"
0.010722235291988635,"frozenset({'1487580005092295511', '1487580008187692007', '1487580006317032337'})"
0.02665629128286795,"frozenset({'1487580005092295511', '1487580006317032337', '1487580009286598681'})"
0.012676668054072639,"frozenset({'1487580009311764506', '1487580005092295511', '1487580006317032337'})"
0.016350277782804613,"frozenset({'1487580005092295511', '1487580006317032337', '1487580009387261981'})"
0.025434770806565445,"frozenset({'1487580009445982239', '1487580005092295511', '1487580006317032337'})"
0.013264807542662734,"frozenset({'1487580009471148064', '1487580005092295511', '1487580006317032337'})"
0.013536256537396624,"frozenset({'1487580009605365797', '1487580006317032337', '1487580005092295511'})"
0.014613004216507719,"frozenset({'1487580005092295511', '1487580010100293687', '1487580006317032337'})"
0.02120016648871677,"frozenset({'1487580005092295511', '1487580006317032337', '1602943681873052386'})"
0.010794621690584339,"frozenset({'1487580005092295511', '1783999063314661546', '1487580006317032337'})"
0.012450460558461066,"frozenset({'1487580006509970331', '1487580005092295511', '1487580009286598681'})"
0.011473244177419063,"frozenset({'1487580006509970331', '1487580009445982239', '1487580005092295511'})"
0.01092129788812682,"frozenset({'1487580006551913373', '1487580005092295511', '1487580007281722301'})"
0.013210517743715957,"frozenset({'1487580006551913373', '1487580005092295511', '1487580009286598681'})"
0.011898514269168823,"frozenset({'1487580009445982239', '1487580005092295511', '1487580006551913373'})"
0.01000741960585606,"frozenset({'1487580005092295511', '1487580007281722301', '1487580007256556476'})"
0.011627065274434934,"frozenset({'1487580005092295511', '1487580007256556476', '1487580007675986893'})"
0.010441737997430282,"frozenset({'1487580005092295511', '1487580007256556476', '1487580008145748965'})"
0.01312908304529579,"frozenset({'1487580005092295511', '1487580007256556476', '1487580009286598681'})"
0.014775873613348051,"frozenset({'1487580009445982239', '1487580005092295511', '1487580007256556476'})"
0.01003456450532945,"frozenset({'1487580005092295511', '1487580007256556476', '1602943681873052386'})"
0.012423315658987676,"frozenset({'1487580005092295511', '1487580007281722301', '1487580007675986893'})"
0.011789934671275268,"frozenset({'1487580005092295511', '1487580007281722301', '1487580008145748965'})"
0.01795182685173456,"frozenset({'1487580005092295511', '1487580007281722301', '1487580009286598681'})"
0.012278542861796268,"frozenset({'1487580005092295511', '1487580007281722301', '1487580009387261981'})"
0.014993032809135163,"frozenset({'1487580009445982239', '1487580005092295511', '1487580007281722301'})"
0.010179337302520856,"frozenset({'1487580005092295511', '1487580010100293687', '1487580007281722301'})"
0.010794621690584339,"frozenset({'1487580005092295511', '1487580007281722301', '1602943681873052386'})"
0.010224578801643172,"frozenset({'1487580005092295511', '1487580009286598681', '1487580007306888126'})"
0.01119274688286071,"frozenset({'1487580009445982239', '1487580005092295511', '1487580007306888126'})"
0.01070413869233971,"frozenset({'1487580007432717250', '1487580007675986893', '1487580005092295511'})"
0.012387122459689825,"frozenset({'1487580005092295511', '1487580007675986893', '1487580007634043851'})"
0.017906585352612244,"frozenset({'1487580005092295511', '1487580007675986893', '1487580008145748965'})"
0.021607339980817604,"frozenset({'1487580005092295511', '1487580007675986893', '1487580009286598681'})"
0.013409580339854142,"frozenset({'1487580005092295511', '1487580007675986893', '1487580009387261981'})"
0.020548688901355434,"frozenset({'1487580009445982239', '1487580005092295511', '1487580007675986893'})"
0.011066070685318228,"frozenset({'1487580009471148064', '1487580005092295511', '1487580007675986893'})"
0.012061383666009158,"frozenset({'1487580009605365797', '1487580007675986893', '1487580005092295511'})"
0.013020503447402233,"frozenset({'1487580005092295511', '1487580010100293687', '1487580007675986893'})"
0.020765848097142547,"frozenset({'1487580005092295511', '1487580007675986893', '1602943681873052386'})"
0.011608968674786007,"frozenset({'1487580005092295511', '1487580008187692007', '1487580008145748965'})"
0.019815776615573932,"frozenset({'1487580005092295511', '1487580009286598681', '1487580008145748965'})"
0.012504750357407843,"frozenset({'1487580005092295511', '1487580009387261981', '1487580008145748965'})"
0.01880236703523408,"frozenset({'1487580009445982239', '1487580005092295511', '1487580008145748965'})"
0.010993684286722524,"frozenset({'1487580009471148064', '1487580005092295511', '1487580008145748965'})"
0.011636113574259397,"frozenset({'1487580008145748965', '1487580009605365797', '1487580005092295511'})"
0.010803669990408802,"frozenset({'1487580005092295511', '1487580010100293687', '1487580008145748965'})"
0.014341555221773829,"frozenset({'1487580005092295511', '1602943681873052386', '1487580008145748965'})"
0.011563727175663693,"frozenset({'1487580005092295511', '1487580008187692007', '1487580009286598681'})"
0.02044010930346188,"frozenset({'1487580009311764506', '1487580005092295511', '1487580009286598681'})"
0.017571798259107114,"frozenset({'1487580005092295511', '1487580009387261981', '1487580009286598681'})"
0.02429468502868311,"frozenset({'1487580009445982239', '1487580005092295511', '1487580009286598681'})"
0.012323784360918584,"frozenset({'1487580009471148064', '1487580005092295511', '1487580009286598681'})"
0.01350006333809877,"frozenset({'1487580009605365797', '1487580009286598681', '1487580005092295511'})"
0.015291626703342442,"frozenset({'1487580005092295511', '1487580010100293687', '1487580009286598681'})"
0.01859425613927143,"frozenset({'1487580005092295511', '1602943681873052386', '1487580009286598681'})"
0.01034220669936119,"frozenset({'1487580005092295511', '1783999063314661546', '1487580009286598681'})"
0.011898514269168823,"frozenset({'1487580009311764506', '1487580009445982239', '1487580005092295511'})"
0.014884453211241608,"frozenset({'1487580009445982239', '1487580005092295511', '1487580009387261981'})"
0.010143144103223005,"frozenset({'1487580005092295511', '1487580010100293687', '1487580009387261981'})"
0.01258618505582801,"frozenset({'1487580005092295511', '1487580009387261981', '1602943681873052386'})"
0.015789283193687907,"frozenset({'1487580009445982239', '1487580005092295511', '1487580009471148064'})"
0.01528257840351798,"frozenset({'1487580009445982239', '1487580009605365797', '1487580005092295511'})"
0.014495376318789699,"frozenset({'1487580009445982239', '1487580005092295511', '1487580010100293687'})"
0.0180151649505058,"frozenset({'1487580009445982239', '1487580005092295511', '1602943681873052386'})"
0.010170289002696394,"frozenset({'1487580009605365797', '1602943681873052386', '1487580005092295511'})"
0.011871369369695434,"frozenset({'1487580005092295511', '1487580010100293687', '1602943681873052386'})"
0.01161801697461047,"frozenset({'1487580005268456287', '1487580005595612013', '1487580005134238553'})"
0.010306013500063337,"frozenset({'1487580006317032337', '1487580005268456287', '1487580005134238553'})"
0.010188385602345319,"frozenset({'1487580005268456287', '1487580007675986893', '1487580005134238553'})"
0.011409906078647822,"frozenset({'1487580005268456287', '1487580009286598681', '1487580005134238553'})"
0.01052317269585045,"frozenset({'1487580005671109489', '1487580005595612013', '1487580005134238553'})"
0.014821115112470367,"frozenset({'1487580005671109489', '1487580005595612013', '1487580005268456287'})"
0.017761812555420836,"frozenset({'1487580006317032337', '1487580005595612013', '1487580005268456287'})"
0.011446099277945675,"frozenset({'1487580007281722301', '1487580005595612013', '1487580005268456287'})"
0.01677554787455437,"frozenset({'1487580005595612013', '1487580007675986893', '1487580005268456287'})"
0.013997719828444236,"frozenset({'1487580005595612013', '1487580008145748965', '1487580005268456287'})"
0.018666642537867133,"frozenset({'1487580005595612013', '1487580009286598681', '1487580005268456287'})"
0.011907562568993287,"frozenset({'1487580005595612013', '1487580009387261981', '1487580005268456287'})"
0.015662606996145426,"frozenset({'1487580009445982239', '1487580005595612013', '1487580005268456287'})"
0.010125047503574078,"frozenset({'1487580009605365797', '1487580005595612013', '1487580005268456287'})"
0.010052661104978374,"frozenset({'1487580010100293687', '1487580005595612013', '1487580005268456287'})"
0.01440489332054507,"frozenset({'1487580005595612013', '1602943681873052386', '1487580005268456287'})"
0.01346387013880092,"frozenset({'1487580005671109489', '1487580006317032337', '1487580005268456287'})"
0.01352720823757216,"frozenset({'1487580005671109489', '1487580007675986893', '1487580005268456287'})"
0.010830814889882192,"frozenset({'1487580005671109489', '1487580008145748965', '1487580005268456287'})"
0.015418302900884924,"frozenset({'1487580005671109489', '1487580009286598681', '1487580005268456287'})"
0.012115673464955935,"frozenset({'1487580009445982239', '1487580005671109489', '1487580005268456287'})"
0.011002732586546988,"frozenset({'1487580005671109489', '1602943681873052386', '1487580005268456287'})"
0.01009790260410069,"frozenset({'1487580005754995573', '1487580006317032337', '1487580005268456287'})"
0.010568414194972765,"frozenset({'1487580006551913373', '1487580006317032337', '1487580005268456287'})"
0.013282904142311659,"frozenset({'1487580006317032337', '1487580007256556476', '1487580005268456287'})"
0.014305362022475976,"frozenset({'1487580007281722301', '1487580006317032337', '1487580005268456287'})"
0.010360303299010117,"frozenset({'1487580006317032337', '1487580005268456287', '1487580007306888126'})"
0.021145876689769992,"frozenset({'1487580006317032337', '1487580007675986893', '1487580005268456287'})"
0.018359000343835395,"frozenset({'1487580006317032337', '1487580008145748965', '1487580005268456287'})"
0.010396496498307968,"frozenset({'1487580008187692007', '1487580006317032337', '1487580005268456287'})"
0.024339926527805426,"frozenset({'1487580006317032337', '1487580009286598681', '1487580005268456287'})"
0.011066070685318228,"frozenset({'1487580009311764506', '1487580006317032337', '1487580005268456287'})"
0.01561736549702311,"frozenset({'1487580006317032337', '1487580009387261981', '1487580005268456287'})"
0.023426048245534663,"frozenset({'1487580009445982239', '1487580006317032337', '1487580005268456287'})"
0.01213377006460486,"frozenset({'1487580009471148064', '1487580006317032337', '1487580005268456287'})"
0.012848585750737437,"frozenset({'1487580009605365797', '1487580006317032337', '1487580005268456287'})"
0.01361769123581679,"frozenset({'1487580010100293687', '1487580006317032337', '1487580005268456287'})"
0.018539966340324652,"frozenset({'1487580006317032337', '1602943681873052386', '1487580005268456287'})"
0.01000741960585606,"frozenset({'1783999063314661546', '1487580006317032337', '1487580005268456287'})"
0.011355616279701044,"frozenset({'1487580006509970331', '1487580009286598681', '1487580005268456287'})"
0.010631752293744006,"frozenset({'1487580006509970331', '1487580009445982239', '1487580005268456287'})"
0.010170289002696394,"frozenset({'1487580006551913373', '1487580007281722301', '1487580005268456287'})"
0.01255904015635462,"frozenset({'1487580006551913373', '1487580009286598681', '1487580005268456287'})"
0.011210843482509636,"frozenset({'1487580009445982239', '1487580006551913373', '1487580005268456287'})"
0.010912249588302359,"frozenset({'1487580007256556476', '1487580007675986893', '1487580005268456287'})"
0.012079480265658082,"frozenset({'1487580007256556476', '1487580009286598681', '1487580005268456287'})"
0.013481966738449844,"frozenset({'1487580009445982239', '1487580007256556476', '1487580005268456287'})"
0.011699451673030638,"frozenset({'1487580007281722301', '1487580007675986893', '1487580005268456287'})"
0.011084167284967155,"frozenset({'1487580007281722301', '1487580008145748965', '1487580005268456287'})"
0.016694113176134204,"frozenset({'1487580007281722301', '1487580009286598681', '1487580005268456287'})"
0.011744693172152952,"frozenset({'1487580007281722301', '1487580009387261981', '1487580005268456287'})"
0.014079154526864403,"frozenset({'1487580009445982239', '1487580007281722301', '1487580005268456287'})"
0.010396496498307968,"frozenset({'1487580009445982239', '1487580007306888126', '1487580005268456287'})"
0.010450786297254745,"frozenset({'1487580007432717250', '1487580007675986893', '1487580005268456287'})"
0.011726596572504026,"frozenset({'1487580007675986893', '1487580007634043851', '1487580005268456287'})"
0.016811741073852225,"frozenset({'1487580007675986893', '1487580008145748965', '1487580005268456287'})"
0.020268191606797083,"frozenset({'1487580009286598681', '1487580007675986893', '1487580005268456287'})"
0.012812392551439584,"frozenset({'1487580007675986893', '1487580009387261981', '1487580005268456287'})"
0.019336216724877394,"frozenset({'1487580009445982239', '1487580007675986893', '1487580005268456287'})"
0.010324110099712264,"frozenset({'1487580009471148064', '1487580007675986893', '1487580005268456287'})"
0.01152753397636584,"frozenset({'1487580009605365797', '1487580007675986893', '1487580005268456287'})"
0.01197994896758899,"frozenset({'1487580010100293687', '1487580007675986893', '1487580005268456287'})"
0.018612352738920358,"frozenset({'1487580007675986893', '1602943681873052386', '1487580005268456287'})"
0.011382761179174434,"frozenset({'1487580008187692007', '1487580008145748965', '1487580005268456287'})"
0.018313758844713077,"frozenset({'1487580009286598681', '1487580008145748965', '1487580005268456287'})"
0.011943755768291138,"frozenset({'1487580009387261981', '1487580008145748965', '1487580005268456287'})"
0.01768037785700067,"frozenset({'1487580009445982239', '1487580008145748965', '1487580005268456287'})"
0.010306013500063337,"frozenset({'1487580009471148064', '1487580008145748965', '1487580005268456287'})"
0.011174650283211785,"frozenset({'1487580009605365797', '1487580008145748965', '1487580005268456287'})"
0.010414593097956894,"frozenset({'1487580010100293687', '1487580008145748965', '1487580005268456287'})"
0.012758102752492806,"frozenset({'1602943681873052386', '1487580008145748965', '1487580005268456287'})"
0.011020829186195914,"frozenset({'1487580008187692007', '1487580009286598681', '1487580005268456287'})"
0.017779909155069763,"frozenset({'1487580009311764506', '1487580009286598681', '1487580005268456287'})"
0.016540292079118335,"frozenset({'1487580009286598681', '1487580009387261981', '1487580005268456287'})"
0.0226840876599287,"frozenset({'1487580009445982239', '1487580009286598681', '1487580005268456287'})"
0.011509437376716915,"frozenset({'1487580009471148064', '1487580009286598681', '1487580005268456287'})"
0.012622378255125861,"frozenset({'1487580009605365797', '1487580009286598681', '1487580005268456287'})"
0.014667294015454496,"frozenset({'1487580010100293687', '1487580009286598681', '1487580005268456287'})"
0.016992707070341482,"frozenset({'1487580009286598681', '1602943681873052386', '1487580005268456287'})"
0.01067699379286632,"frozenset({'1487580009311764506', '1487580009445982239', '1487580005268456287'})"
0.014432038220018458,"frozenset({'1487580009445982239', '1487580009387261981', '1487580005268456287'})"
0.011771838071626342,"frozenset({'1487580009387261981', '1602943681873052386', '1487580005268456287'})"
0.014911598110714996,"frozenset({'1487580009445982239', '1487580009471148064', '1487580005268456287'})"
0.014522521218263088,"frozenset({'1487580009445982239', '1487580009605365797', '1487580005268456287'})"
0.014006768128268699,"frozenset({'1487580009445982239', '1487580010100293687', '1487580005268456287'})"
0.016178360086139813,"frozenset({'1487580009445982239', '1602943681873052386', '1487580005268456287'})"
0.010785573390759876,"frozenset({'1487580010100293687', '1602943681873052386', '1487580005268456287'})"
0.011346567979876581,"frozenset({'1487580005671109489', '1487580005595612013', '1487580006317032337'})"
0.011943755768291138,"frozenset({'1487580005671109489', '1487580005595612013', '1487580007675986893'})"
0.012369025860040898,"frozenset({'1487580005671109489', '1487580005595612013', '1487580009286598681'})"
0.013554353137045548,"frozenset({'1487580006317032337', '1487580005595612013', '1487580007675986893'})"
0.012332832660743046,"frozenset({'1487580006317032337', '1487580005595612013', '1487580008145748965'})"
0.014911598110714996,"frozenset({'1487580006317032337', '1487580005595612013', '1487580009286598681'})"
0.014079154526864403,"frozenset({'1487580009445982239', '1487580006317032337', '1487580005595612013'})"
0.011093215584791618,"frozenset({'1487580006317032337', '1487580005595612013', '1602943681873052386'})"
0.01027886860058995,"frozenset({'1487580007281722301', '1487580005595612013', '1487580009286598681'})"
0.01158182377531262,"frozenset({'1487580005595612013', '1487580007675986893', '1487580008145748965'})"
0.012712861253370492,"frozenset({'1487580005595612013', '1487580007675986893', '1487580009286598681'})"
0.011871369369695434,"frozenset({'1487580009445982239', '1487580005595612013', '1487580007675986893'})"
0.011129408784089469,"frozenset({'1487580005595612013', '1602943681873052386', '1487580007675986893'})"
0.012640474854774788,"frozenset({'1487580005595612013', '1487580009286598681', '1487580008145748965'})"
0.011599920374961544,"frozenset({'1487580009445982239', '1487580005595612013', '1487580008145748965'})"
0.011988997267413454,"frozenset({'1487580009311764506', '1487580005595612013', '1487580009286598681'})"
0.013907236830199605,"frozenset({'1487580009445982239', '1487580005595612013', '1487580009286598681'})"
0.010894152988653432,"frozenset({'1487580005671109489', '1487580007675986893', '1487580006317032337'})"
0.011753741471977415,"frozenset({'1487580005671109489', '1487580009286598681', '1487580006317032337'})"
0.010984635986898061,"frozenset({'1487580009445982239', '1487580005671109489', '1487580006317032337'})"
0.011319423080403191,"frozenset({'1487580005671109489', '1487580007675986893', '1487580009286598681'})"
0.010966539387249136,"frozenset({'1487580009311764506', '1487580005671109489', '1487580009286598681'})"
0.01125608498163195,"frozenset({'1487580009445982239', '1487580005671109489', '1487580009286598681'})"
0.010450786297254745,"frozenset({'1487580006509970331', '1487580009445982239', '1487580006317032337'})"
0.010224578801643172,"frozenset({'1487580006551913373', '1487580006317032337', '1487580009286598681'})"
0.01025172370111656,"frozenset({'1487580009445982239', '1487580006551913373', '1487580006317032337'})"
0.010161240702871931,"frozenset({'1487580006317032337', '1487580007256556476', '1487580007675986893'})"
0.010016467905680523,"frozenset({'1487580006317032337', '1487580007256556476', '1487580008145748965'})"
0.011925659168642213,"frozenset({'1487580006317032337', '1487580007256556476', '1487580009286598681'})"
0.013726270833710346,"frozenset({'1487580009445982239', '1487580006317032337', '1487580007256556476'})"
0.013454821838976457,"frozenset({'1487580007281722301', '1487580006317032337', '1487580009286598681'})"
0.01292097214933314,"frozenset({'1487580009445982239', '1487580007281722301', '1487580006317032337'})"
0.010568414194972765,"frozenset({'1487580009445982239', '1487580006317032337', '1487580007306888126'})"
0.010025516205504986,"frozenset({'1487580006317032337', '1487580007675986893', '1487580007634043851'})"
0.015499737599305091,"frozenset({'1487580006317032337', '1487580007675986893', '1487580008145748965'})"
0.017969923451383485,"frozenset({'1487580006317032337', '1487580007675986893', '1487580009286598681'})"
0.018223275846468448,"frozenset({'1487580009445982239', '1487580006317032337', '1487580007675986893'})"
0.010333158399536727,"frozenset({'1487580009471148064', '1487580006317032337', '1487580007675986893'})"
0.010450786297254745,"frozenset({'1487580009605365797', '1487580006317032337', '1487580007675986893'})"
0.010224578801643172,"frozenset({'1487580010100293687', '1487580007675986893', '1487580006317032337'})"
0.01464919741580557,"frozenset({'1487580006317032337', '1487580007675986893', '1602943681873052386'})"
0.01131037478057873,"frozenset({'1487580008187692007', '1487580008145748965', '1487580006317032337'})"
0.017725619356122983,"frozenset({'1487580006317032337', '1487580009286598681', '1487580008145748965'})"
0.018277565645415227,"frozenset({'1487580009445982239', '1487580006317032337', '1487580008145748965'})"
0.010984635986898061,"frozenset({'1487580009471148064', '1487580006317032337', '1487580008145748965'})"
0.010514124396025986,"frozenset({'1487580009605365797', '1487580006317032337', '1487580008145748965'})"
0.0109755876870736,"frozenset({'1487580006317032337', '1602943681873052386', '1487580008145748965'})"
0.01058651079462169,"frozenset({'1487580008187692007', '1487580009286598681', '1487580006317032337'})"
0.016015490689299482,"frozenset({'1487580009311764506', '1487580006317032337', '1487580009286598681'})"
0.012513798657232306,"frozenset({'1487580006317032337', '1487580009387261981', '1487580009286598681'})"
0.02232215566695018,"frozenset({'1487580009445982239', '1487580006317032337', '1487580009286598681'})"
0.011681355073381711,"frozenset({'1487580009471148064', '1487580006317032337', '1487580009286598681'})"
0.011690403373206175,"frozenset({'1487580009605365797', '1487580006317032337', '1487580009286598681'})"
0.012513798657232306,"frozenset({'1487580010100293687', '1487580009286598681', '1487580006317032337'})"
0.013961526629146383,"frozenset({'1487580006317032337', '1602943681873052386', '1487580009286598681'})"
0.011156553683562859,"frozenset({'1487580009311764506', '1487580009445982239', '1487580006317032337'})"
0.01197994896758899,"frozenset({'1487580009445982239', '1487580006317032337', '1487580009387261981'})"
0.01583452469281022,"frozenset({'1487580009445982239', '1487580009471148064', '1487580006317032337'})"
0.014169637525109031,"frozenset({'1487580009445982239', '1487580009605365797', '1487580006317032337'})"
0.012785247651966196,"frozenset({'1487580009445982239', '1487580010100293687', '1487580006317032337'})"
0.014214879024231348,"frozenset({'1487580009445982239', '1487580006317032337', '1602943681873052386'})"
0.011808031270924193,"frozenset({'1487580006509970331', '1487580009445982239', '1487580009286598681'})"
0.010052661104978374,"frozenset({'1487580006551913373', '1487580007281722301', '1487580009286598681'})"
0.011201795182685173,"frozenset({'1487580009445982239', '1487580006551913373', '1487580009286598681'})"
0.010242675401292096,"frozenset({'1487580009445982239', '1487580007256556476', '1487580007675986893'})"
0.010423641397781357,"frozenset({'1487580009445982239', '1487580007256556476', '1487580008145748965'})"
0.01258618505582801,"frozenset({'1487580009445982239', '1487580007256556476', '1487580009286598681'})"
0.010830814889882192,"frozenset({'1487580009445982239', '1487580009471148064', '1487580007256556476'})"
0.010061709404802837,"frozenset({'1487580007281722301', '1487580007675986893', '1487580009286598681'})"
0.010912249588302359,"frozenset({'1487580007281722301', '1487580009286598681', '1487580008145748965'})"
0.010052661104978374,"frozenset({'1487580009445982239', '1487580007281722301', '1487580008145748965'})"
0.011346567979876581,"frozenset({'1487580009311764506', '1487580007281722301', '1487580009286598681'})"
0.010134095803398541,"frozenset({'1487580007281722301', '1487580009387261981', '1487580009286598681'})"
0.013536256537396624,"frozenset({'1487580009445982239', '1487580007281722301', '1487580009286598681'})"
0.014395845020720607,"frozenset({'1487580007675986893', '1487580008145748965', '1487580009286598681'})"
0.014558714417560941,"frozenset({'1487580009445982239', '1487580007675986893', '1487580008145748965'})"
0.01061365569409508,"frozenset({'1487580007675986893', '1602943681873052386', '1487580008145748965'})"
0.011780886371450805,"frozenset({'1487580009311764506', '1487580007675986893', '1487580009286598681'})"
0.016902224072096853,"frozenset({'1487580009445982239', '1487580007675986893', '1487580009286598681'})"
0.010360303299010117,"frozenset({'1487580010100293687', '1487580007675986893', '1487580009286598681'})"
0.01243236395881214,"frozenset({'1487580007675986893', '1602943681873052386', '1487580009286598681'})"
0.012459508858285529,"frozenset({'1487580009471148064', '1487580009445982239', '1487580007675986893'})"
0.011844224470222046,"frozenset({'1487580009445982239', '1487580009605365797', '1487580007675986893'})"
0.01088510468882897,"frozenset({'1487580009445982239', '1487580010100293687', '1487580007675986893'})"
0.012595233355652474,"frozenset({'1487580009445982239', '1487580007675986893', '1602943681873052386'})"
0.011871369369695434,"frozenset({'1487580008187692007', '1487580009286598681', '1487580008145748965'})"
0.011111312184440544,"frozenset({'1487580009445982239', '1487580008187692007', '1487580008145748965'})"
0.012549991856530157,"frozenset({'1487580009311764506', '1487580009286598681', '1487580008145748965'})"
0.010179337302520856,"frozenset({'1487580009387261981', '1487580008145748965', '1487580009286598681'})"
0.017490363560686947,"frozenset({'1487580009445982239', '1487580009286598681', '1487580008145748965'})"
0.010396496498307968,"frozenset({'1487580009471148064', '1487580009286598681', '1487580008145748965'})"
0.010360303299010117,"frozenset({'1487580009605365797', '1487580009286598681', '1487580008145748965'})"
0.013825802131779438,"frozenset({'1487580009445982239', '1487580009471148064', '1487580008145748965'})"
0.012441412258636602,"frozenset({'1487580009445982239', '1487580009605365797', '1487580008145748965'})"
0.010269820300765486,"frozenset({'1487580009445982239', '1487580010100293687', '1487580008145748965'})"
0.010115999203749615,"frozenset({'1487580009445982239', '1602943681873052386', '1487580008145748965'})"
0.010496027796377061,"frozenset({'1487580009445982239', '1487580008187692007', '1487580009286598681'})"
0.01070413869233971,"frozenset({'1487580008263189483', '1487580008246412266', '1783999067156644376'})"
0.010152192403047468,"frozenset({'1487580009311764506', '1487580009387261981', '1487580009286598681'})"
0.015952152590528238,"frozenset({'1487580009311764506', '1487580009445982239', '1487580009286598681'})"
0.010830814889882192,"frozenset({'1487580009311764506', '1487580010100293687', '1487580009286598681'})"
0.012215204763025027,"frozenset({'1487580009445982239', '1487580009387261981', '1487580009286598681'})"
0.014821115112470367,"frozenset({'1487580009445982239', '1487580009471148064', '1487580009286598681'})"
0.013825802131779438,"frozenset({'1487580009445982239', '1487580009605365797', '1487580009286598681'})"
0.013301000741960585,"frozenset({'1487580009445982239', '1487580010100293687', '1487580009286598681'})"
0.01243236395881214,"frozenset({'1487580009445982239', '1602943681873052386', '1487580009286598681'})"
0.012540943556705694,"frozenset({'1487580009445982239', '1487580009605365797', '1487580009471148064'})"
0.01092129788812682,"frozenset({'1487580005092295511', '1487580005671109489', '1487580005595612013', '1487580005268456287'})"
0.013780560632657124,"frozenset({'1487580005092295511', '1487580006317032337', '1487580005595612013', '1487580005268456287'})"
0.0128576340505619,"frozenset({'1487580005092295511', '1487580005595612013', '1487580007675986893', '1487580005268456287'})"
0.010876056389004506,"frozenset({'1487580005092295511', '1487580005595612013', '1487580008145748965', '1487580005268456287'})"
0.014196782424582421,"frozenset({'1487580005092295511', '1487580005595612013', '1487580009286598681', '1487580005268456287'})"
0.012341880960567509,"frozenset({'1487580009445982239', '1487580005092295511', '1487580005595612013', '1487580005268456287'})"
0.011337519680052118,"frozenset({'1487580005092295511', '1487580005595612013', '1602943681873052386', '1487580005268456287'})"
0.010441737997430282,"frozenset({'1487580005092295511', '1487580005671109489', '1487580006317032337', '1487580005268456287'})"
0.010306013500063337,"frozenset({'1487580005092295511', '1487580005671109489', '1487580007675986893', '1487580005268456287'})"
0.011599920374961544,"frozenset({'1487580005092295511', '1487580005671109489', '1487580009286598681', '1487580005268456287'})"
0.010848911489531116,"frozenset({'1487580005092295511', '1487580006317032337', '1487580007256556476', '1487580005268456287'})"
0.011672306773557248,"frozenset({'1487580005092295511', '1487580007281722301', '1487580006317032337', '1487580005268456287'})"
0.016793644474203298,"frozenset({'1487580005092295511', '1487580006317032337', '1487580007675986893', '1487580005268456287'})"
0.01437774842107168,"frozenset({'1487580005092295511', '1487580006317032337', '1487580008145748965', '1487580005268456287'})"
0.018992381331547802,"frozenset({'1487580005092295511', '1487580006317032337', '1487580009286598681', '1487580005268456287'})"
0.01276715105231727,"frozenset({'1487580005092295511', '1487580006317032337', '1487580009387261981', '1487580005268456287'})"
0.01847662824155341,"frozenset({'1487580009445982239', '1487580005092295511', '1487580006317032337', '1487580005268456287'})"
0.010333158399536727,"frozenset({'1487580009605365797', '1487580006317032337', '1487580005092295511', '1487580005268456287'})"
0.011228940082158563,"frozenset({'1487580005092295511', '1487580010100293687', '1487580006317032337', '1487580005268456287'})"
0.015173998805624422,"frozenset({'1487580005092295511', '1487580006317032337', '1602943681873052386', '1487580005268456287'})"
0.010939394487775747,"frozenset({'1487580009445982239', '1487580005092295511', '1487580007256556476', '1487580005268456287'})"
0.013337193941258438,"frozenset({'1487580005092295511', '1487580007281722301', '1487580009286598681', '1487580005268456287'})"
0.011455147577770136,"frozenset({'1487580009445982239', '1487580005092295511', '1487580007281722301', '1487580005268456287'})"
0.01312908304529579,"frozenset({'1487580005092295511', '1487580007675986893', '1487580008145748965', '1487580005268456287'})"
0.01565355869632096,"frozenset({'1487580009286598681', '1487580005092295511', '1487580007675986893', '1487580005268456287'})"
0.010459834597079208,"frozenset({'1487580005092295511', '1487580007675986893', '1487580009387261981', '1487580005268456287'})"
0.015128757306502108,"frozenset({'1487580009445982239', '1487580005092295511', '1487580007675986893', '1487580005268456287'})"
0.014884453211241608,"frozenset({'1487580005092295511', '1487580007675986893', '1602943681873052386', '1487580005268456287'})"
0.014287265422827052,"frozenset({'1487580005092295511', '1487580009286598681', '1487580008145748965', '1487580005268456287'})"
0.013807705532130513,"frozenset({'1487580009445982239', '1487580005092295511', '1487580008145748965', '1487580005268456287'})"
0.010459834597079208,"frozenset({'1487580005092295511', '1602943681873052386', '1487580008145748965', '1487580005268456287'})"
0.013409580339854142,"frozenset({'1487580009311764506', '1487580005092295511', '1487580009286598681', '1487580005268456287'})"
0.013346242241082901,"frozenset({'1487580009286598681', '1487580005092295511', '1487580009387261981', '1487580005268456287'})"
0.017517508460160335,"frozenset({'1487580009445982239', '1487580005092295511', '1487580009286598681', '1487580005268456287'})"
0.010233627101467635,"frozenset({'1487580009605365797', '1487580009286598681', '1487580005092295511', '1487580005268456287'})"
0.011572775475488156,"frozenset({'1487580005092295511', '1487580010100293687', '1487580009286598681', '1487580005268456287'})"
0.013690077634412493,"frozenset({'1487580009286598681', '1487580005092295511', '1602943681873052386', '1487580005268456287'})"
0.011708499972855101,"frozenset({'1487580009445982239', '1487580005092295511', '1487580009387261981', '1487580005268456287'})"
0.011391809478998895,"frozenset({'1487580009445982239', '1487580005092295511', '1487580009471148064', '1487580005268456287'})"
0.011518485676541379,"frozenset({'1487580009445982239', '1487580009605365797', '1487580005092295511', '1487580005268456287'})"
0.011183698583036248,"frozenset({'1487580009445982239', '1487580005092295511', '1487580010100293687', '1487580005268456287'})"
0.01312908304529579,"frozenset({'1487580009445982239', '1487580005092295511', '1602943681873052386', '1487580005268456287'})"
0.010143144103223005,"frozenset({'1487580005092295511', '1487580006317032337', '1487580005595612013', '1487580009286598681'})"
0.010224578801643172,"frozenset({'1487580005092295511', '1487580006317032337', '1487580007675986893', '1487580008145748965'})"
0.011988997267413454,"frozenset({'1487580005092295511', '1487580006317032337', '1487580007675986893', '1487580009286598681'})"
0.01213377006460486,"frozenset({'1487580009445982239', '1487580005092295511', '1487580006317032337', '1487580007675986893'})"
0.010758428491286488,"frozenset({'1487580005092295511', '1487580006317032337', '1487580007675986893', '1602943681873052386'})"
0.011201795182685173,"frozenset({'1487580005092295511', '1487580006317032337', '1487580009286598681', '1487580008145748965'})"
0.01128322988110534,"frozenset({'1487580009445982239', '1487580005092295511', '1487580006317032337', '1487580008145748965'})"
0.013834850431603901,"frozenset({'1487580009445982239', '1487580005092295511', '1487580006317032337', '1487580009286598681'})"
0.01009790260410069,"frozenset({'1487580005092295511', '1487580006317032337', '1602943681873052386', '1487580009286598681'})"
0.010423641397781357,"frozenset({'1487580009445982239', '1487580005092295511', '1487580006317032337', '1602943681873052386'})"
0.010903201288477896,"frozenset({'1487580009445982239', '1487580005092295511', '1487580007675986893', '1487580009286598681'})"
0.010794621690584339,"frozenset({'1487580009445982239', '1487580005092295511', '1487580009286598681', '1487580008145748965'})"
0.011174650283211785,"frozenset({'1487580009286598681', '1487580006317032337', '1487580007675986893', '1487580005268456287'})"
0.011446099277945675,"frozenset({'1487580009445982239', '1487580006317032337', '1487580007675986893', '1487580005268456287'})"
0.010423641397781357,"frozenset({'1487580006317032337', '1487580009286598681', '1487580008145748965', '1487580005268456287'})"
0.01064080059356847,"frozenset({'1487580009445982239', '1487580006317032337', '1487580008145748965', '1487580005268456287'})"
0.013228614343364881,"frozenset({'1487580009445982239', '1487580006317032337', '1487580009286598681', '1487580005268456287'})"
0.010559365895148302,"frozenset({'1487580009286598681', '1487580009445982239', '1487580007675986893', '1487580005268456287'})"
0.010324110099712264,"frozenset({'1487580009445982239', '1487580009286598681', '1487580008145748965', '1487580005268456287'})"
0.010577462494797227,"frozenset({'1487580009445982239', '1487580006317032337', '1487580009286598681', '1487580008145748965'})"
0.010667945493041857,"frozenset({'1487580006317032337', '1487580009445982239', '1487580005268456287', '1487580005092295511', '1487580009286598681'})"
